-2.274924e-02
1.592201e-04
-2.075988e-02
4.933065e-04
-7.779705e-02
-2.098816e-02
-1.644759e-02
4.834362e-02
6.549055e-02
5.329627e-03
4.746928e-04
-7.891775e-02
1.879067e-02
1.998667e-02
-3.504992e-03
1.396858e-02
-4.538794e-03
-6.285971e-02
1.794384e-02
2.011787e-02
4.515884e-03
7.222860e-02
-3.142531e-03
4.095301e-04
5.900511e-03
3.329846e-02
-7.525648e-02
1.502296e-02
1.586477e-02
1.447709e-02
7.914461e-02
4.185663e-02
7.897078e-02
5.099256e-02
-7.799351e-03
7.572237e-02
1.494581e-02
-2.142808e-02
-4.549855e-02
-2.150095e-02
1.964425e-02
-1.010776e-03
-2.188164e-02
-2.085602e-02
1.669344e-02
7.128852e-02
7.664621e-02
2.042911e-02
1.483591e-03
2.085031e-02
-2.065171e-02
-1.358268e-02
-3.137838e-03
-2.372051e-02
-1.977533e-02
6.418233e-02
1.941198e-02
-5.067738e-02
1.797879e-02
-4.153879e-02
2.903279e-03
1.229438e-02
1.065768e-02
2.240681e-03
1.706803e-02
2.047441e-02
1.584740e-04
5.872965e-03
1.567286e-02
2.557774e-03
-1.582170e-02
3.141671e-03
-7.646221e-02
1.695813e-02
1.967395e-02
-1.392597e-02
2.765251e-02
1.208811e-03
1.383664e-02
-1.141144e-03
1.680178e-02
7.911705e-02
-4.267220e-03
1.287781e-02
6.892586e-02
-8.052241e-04
2.199732e-02
-2.080824e-02
-2.711540e-03
2.392924e-02
-1.580321e-03
2.094798e-02
5.177310e-03
-1.435553e-02
-1.376256e-02
1.879100e-02
7.591700e-02
-5.109838e-02
-2.854109e-03
-5.861010e-03
2.513728e-03
3.696371e-03
5.968936e-02
-3.797043e-03
6.456169e-02
2.244246e-02
-2.250959e-02
-6.516331e-02
2.468510e-02
1.677151e-02
-2.469578e-02
5.726009e-03
2.033369e-02
-7.328707e-02
4.119564e-02
1.880975e-02
1.743634e-02
-2.284759e-02
-6.566647e-04
-1.943731e-02
-4.552168e-03
5.638754e-02
-7.904034e-02
-2.319987e-02
-6.696795e-03
1.760839e-02
1.988401e-03
9.435121e-04
2.644157e-02
3.637397e-04
-1.848626e-02
-3.727982e-02
-2.790644e-03
2.075475e-02
-2.288193e-02
3.440840e-02
-4.035244e-02
1.977523e-03
-3.792312e-02
4.781542e-02
-1.277387e-05
-1.401398e-02
-1.602158e-02
1.827704e-02
1.489660e-02
1.805350e-02
5.143903e-02
-3.358691e-02
-1.983730e-02
1.746832e-02
-6.069405e-02
-2.017922e-02
-7.736975e-02
-2.069826e-02
2.365839e-02
-4.319530e-03
1.551580e-02
2.055481e-02
7.281204e-02
1.334788e-02
-4.169999e-02
-1.944726e-02
2.527037e-03
-1.379166e-02
-1.778134e-02
-2.554707e-02
-1.564246e-02
-1.872143e-02
2.529436e-02
5.385774e-03
1.562117e-02
-2.114203e-02
-5.792272e-02
-2.534103e-02
-2.410415e-04
1.578166e-02
-6.118800e-03
-7.040351e-04
1.370546e-02
4.403362e-02
3.735198e-03
-1.534572e-02
-4.523407e-02
4.751939e-03
-7.707073e-02
-1.283550e-02
-2.520776e-02
-2.313376e-02
2.453783e-03
6.108356e-02
1.661259e-02
3.044753e-03
4.661064e-03
-4.355720e-03
-7.336179e-03
7.717783e-02
5.109478e-02
2.073704e-02
6.125337e-02
2.086930e-02
-1.629974e-02
-1.771826e-03
-6.829255e-04
-1.889759e-02
7.109923e-02
1.111538e-02
-3.555934e-03
2.465251e-02
-1.112260e-03
2.480888e-04
2.593338e-02
9.595126e-05
8.521295e-04
2.543037e-03
1.172154e-03
-7.371017e-02
-2.349488e-03
-1.965765e-02
3.624004e-04
-2.957792e-02
-6.191257e-04
-7.193186e-02
-5.983135e-02
-1.828205e-02
4.042695e-03
2.212848e-02
-6.012881e-03
-2.421743e-02
-3.122961e-03
1.946023e-02
-1.218367e-03
1.595177e-03
7.500921e-03
-6.338129e-02
7.443592e-02
3.846892e-02
-1.416389e-02
1.966902e-02
-3.143777e-03
-2.063079e-02
4.876430e-02
1.094152e-03
-2.129175e-02
-1.516544e-02
1.875403e-03
2.092099e-02
-5.983652e-02
-2.508772e-03
1.182310e-03
-8.751078e-03
6.521088e-02
1.882050e-02
7.746831e-02
1.768642e-02
2.427174e-02
2.471443e-02
3.938947e-03
5.982654e-04
2.046037e-02
3.496973e-02
5.682326e-03
-3.142491e-02
-1.624106e-02
1.880866e-02
-1.597946e-02
-1.069735e-03
3.009791e-04
2.252925e-02
1.167713e-03
1.961980e-02
1.374786e-04
4.161300e-02
9.590979e-03
7.016411e-03
-3.190016e-03
2.225049e-03
6.437455e-02
-5.529471e-03
-1.600029e-02
-7.137380e-03
3.127544e-02
-4.653330e-03
-4.709487e-02
4.397669e-02
1.083816e-02
-5.488768e-02
4.276337e-03
2.258227e-02
1.211918e-03
1.739611e-02
2.157902e-03
4.629520e-03
1.654071e-02
-7.059373e-03
1.377396e-04
7.410042e-04
-1.219340e-03
5.684785e-02
1.141088e-02
3.505479e-02
1.847908e-02
-1.812506e-02
-3.313386e-04
-5.426061e-02
5.364398e-02
-4.366210e-03
4.048221e-02
1.982090e-03
3.332994e-03
-1.315684e-02
1.406486e-02
-1.858124e-02
-5.680363e-02
-3.891889e-02
-6.096240e-02
-6.778228e-03
1.760008e-02
7.164510e-02
-1.596668e-02
4.101794e-03
-1.479435e-02
-2.059697e-02
-4.667827e-03
1.220794e-03
2.289294e-02
-6.510684e-02
2.037392e-02
1.320687e-02
-4.235674e-03
-1.193815e-04
3.074300e-02
-4.211405e-04
6.846516e-03
-8.104163e-04
1.577502e-02
2.568322e-02
3.491562e-03
4.877041e-03
-7.319210e-03
1.615304e-02
-3.312164e-02
-6.186260e-02
-3.805686e-02
-5.142004e-03
6.532249e-03
2.453297e-02
-3.133508e-03
3.403794e-03
3.316046e-02
5.902388e-02
-1.986831e-02
-2.516141e-03
6.026801e-02
-5.564452e-02
-4.312788e-03
2.621558e-02
-7.937654e-02
-3.313016e-02
-5.728402e-04
2.460032e-02
-5.137705e-02
2.195251e-02
1.441963e-02
2.252393e-02
-2.295947e-02
-7.334480e-02
-5.774272e-02
-7.444421e-02
4.110712e-02
-2.099481e-02
-2.126490e-02
1.617697e-02
-2.244335e-02
5.160329e-02
-1.825858e-02
-2.083342e-02
-1.266124e-02
2.062068e-02
-2.279186e-02
7.267464e-02
3.392914e-02
-1.843281e-02
3.470034e-03
4.137138e-02
-7.571741e-03
2.761548e-02
-4.427011e-04
1.848539e-02
-5.059856e-03
-1.783113e-03
1.408120e-02
-1.759661e-02
-7.395192e-03
2.334526e-02
-4.999642e-03
1.695966e-02
1.802584e-02
1.641731e-02
7.158671e-03
1.915250e-02
4.219132e-03
-1.321828e-02
1.767275e-02
3.452835e-03
-4.047349e-03
4.109146e-03
-7.059390e-02
-7.657793e-04
-4.967267e-04
3.342900e-03
-2.977735e-03
3.558613e-04
-1.417245e-03
3.461451e-02
8.202529e-03
3.089827e-03
-3.173681e-02
-6.002830e-02
1.553969e-02
-1.526955e-02
2.409238e-02
1.994727e-02
3.468487e-02
-4.677051e-03
1.946715e-02
6.712775e-02
6.998750e-02
-1.966023e-02
3.245469e-03
-2.279385e-02
-5.136485e-02
2.068444e-02
1.503839e-02
-7.672136e-02
-3.079944e-03
1.286579e-03
3.521829e-03
2.370896e-03
1.484097e-02
1.867142e-02
-6.418023e-02
2.279661e-02
4.016359e-02
-7.105069e-02
1.898386e-02
-1.294951e-02
1.052590e-03
-1.212174e-02
-4.831153e-02
-1.443088e-02
2.294119e-02
-1.841632e-02
4.884982e-03
-4.647767e-02
1.772823e-02
1.007476e-03
6.586686e-02
1.588946e-02
1.449193e-02
1.845927e-02
5.508190e-02
2.314573e-02
6.746916e-02
1.874740e-02
-4.672758e-02
6.534266e-03
2.446763e-02
-3.027588e-03
5.239164e-02
-3.613531e-03
3.763437e-02
1.946874e-02
3.696906e-02
-7.194166e-02
-2.093566e-02
1.830445e-02
-2.508137e-03
8.591378e-04
2.364114e-02
7.163948e-03
1.893223e-02
-1.731105e-02
2.370258e-02
1.781378e-02
-1.745079e-02
-1.949568e-04
-1.696215e-02
5.536434e-02
5.052596e-02
-6.252220e-02
-4.853340e-02
-3.703099e-03
1.297710e-03
2.053761e-02
-1.790274e-02
-6.083227e-02
-1.942972e-02
-1.920731e-02
-5.175524e-03
-2.456570e-02
-1.834660e-02
-2.363191e-02
4.482216e-02
2.270383e-02
2.034676e-02
2.292335e-02
-1.844546e-02
7.291408e-04
2.128104e-03
2.014952e-02
1.648387e-02
-2.635131e-02
5.876073e-02
2.297108e-02
2.040189e-03
1.876065e-02
7.513901e-02
-1.247603e-02
-7.614054e-05
1.362748e-02
3.377132e-02
-1.052539e-03
-5.723994e-02
3.269618e-02
-3.210015e-02
4.130097e-02
1.247498e-02
1.747086e-03
6.516588e-02
-1.496204e-02
2.122177e-03
-4.484076e-03
-6.957768e-02
-3.676222e-03
-6.958762e-03
-4.079842e-02
-2.598652e-02
-5.188907e-03
-2.580768e-02
3.745875e-02
-1.137005e-03
3.043527e-02
-4.736725e-04
4.195172e-02
-1.959031e-02
-1.642235e-02
-3.644590e-03
1.708020e-02
-3.386530e-02
2.497476e-02
2.239930e-02
-3.587104e-02
-4.743729e-03
-2.984043e-02
3.632855e-02
-5.949381e-04
1.455806e-02
-2.439251e-02
5.057809e-02
-2.504204e-02
-1.480774e-02
-2.108958e-02
-1.832904e-02
-3.055320e-04
-2.427203e-02
7.639120e-04
-1.334288e-02
-4.046266e-02
3.675987e-02
-1.478207e-02
-2.737078e-04
7.776139e-04
6.357101e-02
1.306026e-03
2.006803e-02
-2.101569e-02
2.362913e-02
4.011246e-03
5.486661e-02
1.876476e-02
1.502473e-03
-5.329063e-02
7.683976e-02
-2.748687e-02
2.227253e-02
-3.221448e-03
4.327043e-03
-4.205814e-04
1.721237e-02
2.095009e-02
2.862717e-02
-1.458097e-03
2.510145e-02
1.851695e-02
-2.157406e-02
9.825654e-04
-1.891796e-02
2.010032e-02
-6.113777e-02
-1.946719e-02
6.475406e-02
-4.781461e-03
6.108977e-03
2.611925e-02
-4.889135e-02
-2.021555e-02
-3.315322e-03
-1.723694e-02
5.104725e-03
7.350011e-02
-1.517565e-02
2.434302e-02
4.102779e-03
-2.208477e-02
4.302277e-02
2.079795e-02
6.092637e-02
-2.595252e-02
-6.284353e-02
-8.573226e-04
2.297184e-02
-2.564089e-03
2.855908e-03
7.360089e-02
-1.865737e-02
2.228209e-02
1.015553e-02
-7.660796e-02
-3.528348e-02
-3.941320e-03
6.041716e-02
2.213429e-02
2.356017e-02
-1.674853e-02
1.774523e-02
7.523992e-02
1.434722e-03
-2.572244e-03
-2.439823e-02
-2.243170e-02
2.449032e-03
6.024840e-02
-6.328311e-05
4.050317e-02
1.901672e-02
-2.642978e-03
4.895041e-02
5.509580e-03
-3.370628e-02
4.091323e-03
-2.201774e-02
-2.351946e-02
-6.766850e-02
-1.855165e-02
2.931473e-03
-3.306548e-02
1.565969e-03
2.344432e-02
-2.370865e-02
1.948979e-02
7.904516e-02
3.393216e-02
-7.362376e-02
-2.053340e-02
-5.001446e-02
-4.242403e-02
1.848516e-02
3.950333e-03
6.325828e-04
-1.793360e-02
-2.467293e-02
-1.833746e-02
-2.055182e-02
3.487745e-02
1.601813e-03
2.079612e-02
2.616663e-03
-3.022435e-02
2.833802e-02
1.809334e-02
-7.230357e-02
1.551731e-02
-7.274533e-04
-9.414672e-03
-7.696785e-02
5.623313e-03
5.699108e-02
-2.119584e-02
1.364221e-04
-2.015080e-02
8.411466e-03
-1.474694e-02
-6.571274e-03
4.819964e-03
3.458893e-02
3.221956e-04
-2.727057e-02
9.225037e-03
-1.960601e-02
-2.291836e-02
-2.037487e-03
-2.137506e-02
3.070870e-03
6.702705e-04
-2.166046e-02
1.328080e-02
-1.077960e-03
-5.391890e-03
3.652821e-02
4.712429e-05
-4.488280e-02
1.262766e-02
-3.905990e-02
-4.122131e-03
-7.182668e-02
3.960987e-03
-2.137652e-02
1.672339e-02
-3.480895e-02
-7.817609e-03
-1.564195e-02
-1.978963e-02
-7.355773e-02
-5.693201e-03
4.223956e-03
2.295595e-02
3.538754e-02
1.767786e-02
3.585839e-04
-5.790395e-03
-2.047381e-02
5.927675e-03
-2.105776e-02
-2.071370e-02
-6.852093e-02
1.655662e-03
1.079464e-03
3.893199e-03
3.519532e-02
3.280455e-02
1.158838e-02
-3.840299e-03
-1.775583e-02
-1.846048e-02
1.607526e-02
-1.676808e-02
-2.092609e-03
3.583627e-03
5.534093e-02
-5.725857e-02
8.704691e-04
2.492552e-02
1.325630e-02
-1.606718e-03
2.522007e-02
5.258320e-02
1.782286e-02
3.242585e-02
-9.687024e-03
-1.477606e-02
-3.098051e-03
7.434771e-02
3.144618e-03
-5.420625e-03
-1.719129e-02
6.559769e-02
1.586770e-02
3.360648e-03
-1.799675e-03
-1.901447e-02
2.252372e-02
-1.161454e-02
-1.591266e-02
3.904600e-03
3.469186e-03
-1.859574e-02
4.427828e-03
3.483371e-03
6.347241e-04
4.881227e-03
-1.329363e-03
-2.414112e-02
2.025119e-02
-4.221728e-02
-2.065133e-02
1.520152e-02
-3.363446e-02
9.190439e-04
3.571131e-02
1.637001e-03
-2.237081e-02
7.482613e-04
6.555911e-02
1.016601e-03
-3.382412e-02
1.757573e-02
-4.282428e-03
-1.374925e-02
-2.065038e-02
6.444294e-03
9.844758e-04
1.870275e-02
5.761178e-02
2.088276e-02
-7.199750e-02
6.245905e-02
4.008592e-04
-4.064927e-02
1.867148e-02
7.430941e-02
-5.773148e-02
3.927211e-02
1.310755e-02
3.832876e-03
-4.426502e-03
5.749106e-02
2.968297e-02
6.372211e-04
-2.040350e-02
-3.042338e-03
1.538307e-02
4.660752e-03
-3.496643e-02
2.200660e-02
2.162261e-02
1.851914e-02
-2.298737e-02
1.543273e-02
-5.952893e-03
-1.747289e-02
-7.355811e-03
2.872638e-04
4.986212e-05
2.640583e-03
3.415411e-02
6.049023e-03
2.225676e-02
-1.828732e-02
-1.757727e-02
3.979915e-03
2.095264e-03
2.497752e-02
-1.676546e-02
-4.000617e-02
1.751215e-02
2.254142e-02
-1.997460e-02
5.659969e-02
-2.140824e-02
-6.791347e-04
-6.681540e-03
-5.372120e-03
5.736747e-02
-6.750987e-02
-2.387068e-03
2.013344e-03
-1.588483e-02
5.164399e-02
-2.377936e-02
-6.067545e-03
-4.068561e-02
-1.843411e-04
1.963416e-02
5.354057e-03
1.828873e-02
-1.446410e-02
-1.932148e-03
2.388167e-02
2.159789e-02
-4.347402e-02
-2.067053e-02
1.498071e-02
-2.151026e-02
-3.761669e-02
6.906584e-02
-2.615421e-02
1.601851e-02
-2.115174e-03
1.798442e-02
1.834136e-02
-7.489154e-03
-7.001026e-02
-4.893478e-03
-5.610340e-02
-2.239814e-02
-5.716344e-02
-1.460712e-02
2.877324e-02
3.631697e-02
6.843292e-03
5.959362e-04
1.498161e-02
2.133089e-02
-3.374085e-03
4.200130e-03
-6.389014e-02
-1.330675e-02
3.404725e-02
-5.448777e-03
-2.066347e-02
1.923692e-02
1.826085e-02
-2.539521e-02
4.056094e-02
-1.582174e-02
7.760687e-04
2.154236e-02
1.037745e-03
-4.592330e-02
4.175395e-02
-1.767802e-02
-8.559611e-05
-4.183243e-03
3.154872e-04
-6.510169e-02
5.131426e-02
-1.348342e-02
-2.590395e-02
-3.998001e-02
-1.703587e-02
4.506080e-02
1.978430e-03
-2.193451e-02
1.672405e-02
5.411565e-02
-1.741743e-03
-1.052184e-02
-3.038121e-03
1.139613e-02
2.462671e-02
-1.242214e-02
-4.740878e-02
-2.634152e-02
2.080470e-02
-1.957554e-03
1.980508e-02
-6.125156e-02
2.029757e-02
-7.368897e-02
-2.270099e-02
-7.781159e-02
7.489758e-02
-1.400108e-02
2.048941e-02
-1.366752e-02
4.137248e-03
-1.842882e-02
1.338380e-03
5.791640e-02
2.045394e-02
-2.559221e-02
-1.515665e-02
8.893948e-03
-2.113563e-02
-1.908421e-02
-1.884878e-03
1.434676e-03
-1.575030e-02
-2.062708e-02
2.221509e-02
4.881067e-02
-5.381199e-04
5.104907e-03
2.437973e-02
-1.656027e-02
-1.798458e-02
-1.710929e-03
-2.401748e-02
-3.757800e-03
4.348423e-02
-3.466837e-04
6.877630e-02
-2.273093e-02
-2.064812e-02
2.058036e-02
1.736931e-02
-1.871150e-02
-1.911518e-03
-6.443082e-02
1.518528e-03
1.824350e-03
1.898934e-02
-2.323150e-02
5.013009e-02
-3.931201e-03
-2.704139e-02
2.981726e-03
-4.081905e-03
1.548692e-02
1.601517e-02
1.940280e-02
3.355519e-03
-2.003852e-02
2.887258e-02
5.892880e-02
-5.446318e-02
-3.006373e-03
3.580306e-02
4.666937e-03
-2.143344e-03
-5.127550e-03
-1.724073e-02
-7.554185e-02
-1.118771e-02
-3.503579e-02
-6.795148e-02
-4.991938e-03
5.751247e-02
1.853641e-02
-5.275324e-02
-1.946285e-02
1.558905e-02
-6.129381e-02
4.532196e-02
6.983678e-02
4.315202e-02
2.237392e-02
5.897722e-03
-1.705061e-02
-1.537477e-03
-6.375516e-03
1.840608e-02
-4.835410e-02
1.988988e-02
1.480502e-02
1.855055e-02
5.040165e-02
2.706845e-03
1.595199e-02
-5.459400e-03
-4.808259e-03
9.438616e-04
-3.246122e-02
1.258244e-02
3.955513e-02
7.436174e-02
-7.805636e-03
-2.428316e-03
2.284242e-03
-4.294370e-02
-3.348834e-02
2.204210e-02
2.057374e-03
1.432073e-02
-6.278976e-03
-1.847926e-02
-1.861073e-03
-1.718172e-02
1.703222e-02
-5.056167e-03
3.084665e-03
-3.118577e-03
-1.993138e-02
1.420061e-02
1.513181e-02
7.128606e-02
3.855988e-03
-1.433068e-03
1.629122e-03
1.256149e-03
-3.041316e-05
-1.059202e-03
1.772490e-02
3.824803e-02
2.864005e-02
1.529764e-02
-3.278740e-02
-1.963498e-02
-1.131733e-02
2.833374e-02
4.682024e-03
6.284745e-03
-4.723691e-02
-1.845056e-02
2.237673e-02
-6.770939e-03
5.892099e-02
-2.034584e-02
-4.225636e-03
-5.299940e-02
5.184245e-02
1.736447e-02
-7.593046e-04
-1.560652e-02
-2.092612e-02
2.020267e-02
3.757016e-02
-3.208262e-02
2.067932e-02
1.286858e-03
2.150313e-02
2.010493e-02
1.108584e-03
1.664029e-02
-2.994165e-03
1.184067e-03
1.687161e-02
2.082128e-02
3.669132e-03
7.573988e-02
3.258410e-02
-1.585788e-02
2.497304e-02
1.258535e-03
1.551909e-02
1.928691e-02
1.077244e-02
1.908481e-02
4.375322e-02
1.772984e-02
6.581235e-02
-1.846253e-03
-2.065762e-02
1.891470e-03
-9.438443e-04
7.552992e-02
-2.207199e-02
-3.469382e-03
4.691358e-02
-2.141293e-02
-7.686954e-02
-4.368570e-02
-4.520308e-03
-3.618614e-02
1.557522e-02
-1.986709e-02
2.171386e-02
5.211060e-03
-6.104573e-02
3.786452e-02
1.176761e-02
3.391024e-03
6.871182e-02
3.766542e-03
2.303339e-03
-2.582163e-03
4.017973e-03
-1.155378e-02
-1.719512e-02
1.509083e-02
2.496985e-02
7.675224e-02
-4.105107e-03
2.348722e-02
1.192919e-03
2.627192e-03
2.086749e-02
2.389020e-02
6.665364e-02
1.716925e-03
1.477496e-02
-2.001137e-02
-3.670142e-02
2.766800e-03
4.928337e-04
6.803285e-04
4.245893e-03
-1.665368e-02
1.744089e-03
-1.342708e-02
1.673602e-02
7.206280e-03
-2.850720e-04
-2.586133e-03
1.602567e-03
1.657417e-02
-5.480645e-02
-6.041872e-02
-2.147660e-02
1.390092e-02
4.849456e-03
-1.477424e-02
-1.802289e-02
-1.864752e-02
4.448328e-03
1.952547e-03
5.973013e-02
-1.655079e-02
4.497159e-03
-1.655832e-02
3.766491e-02
-6.051339e-02
2.035083e-02
5.003406e-02
6.929397e-02
4.888308e-03
2.225675e-02
6.167861e-02
-3.286855e-03
-1.933621e-02
-2.110174e-02
1.092264e-03
-2.119196e-02
1.152606e-02
-1.725932e-02
1.369864e-02
-1.640894e-02
4.077523e-03
1.214123e-02
7.345967e-02
2.170968e-03
4.255775e-02
2.229020e-02
-1.574309e-02
-2.155332e-02
-4.563473e-02
1.395541e-02
1.764196e-03
7.792258e-04
-5.952316e-02
3.860529e-03
-6.773031e-02
3.890558e-03
2.435342e-02
4.440494e-02
7.349000e-02
1.762902e-02
-2.100041e-02
-1.879163e-02
-1.538912e-02
2.085763e-02
1.653641e-03
5.554761e-03
-1.902587e-03
4.705547e-03
3.959684e-03
1.425544e-02
-3.844618e-03
1.320314e-03
-3.868834e-03
-2.430523e-02
-1.586516e-03
-5.861214e-02
-5.827770e-03
-2.186784e-03
-6.451035e-02
-1.585011e-02
-1.564606e-02
4.537884e-03
-1.334312e-02
1.895410e-02
-2.172383e-02
-8.411993e-03
1.560885e-02
1.801550e-02
3.745371e-02
3.642091e-03
-1.381115e-02
-2.469762e-03
-3.811008e-03
-7.242214e-02
6.235171e-04
-2.046524e-02
-2.197807e-02
5.392828e-03
-2.064819e-02
-6.173680e-02
-1.975836e-02
-5.942576e-02
-2.231907e-02
-1.994257e-02
2.259959e-03
-1.757726e-02
-4.195050e-02
-6.022965e-02
-1.859031e-02
1.893193e-02
1.621764e-02
-1.012244e-02
1.429695e-02
1.582512e-02
2.072861e-02
-5.273074e-05
-3.078584e-02
1.995780e-02
-7.404778e-02
3.979843e-03
1.272549e-02
1.082835e-03
-2.118647e-02
-1.219505e-03
-2.114863e-02
-1.250677e-02
4.615795e-02
3.186221e-03
1.673056e-03
7.479275e-02
1.099980e-02
-2.206276e-02
1.678951e-03
-5.922683e-03
-1.819668e-03
-1.668228e-02
6.941420e-02
1.835601e-02
-2.708499e-03
2.655937e-02
1.522264e-02
2.249719e-02
1.669238e-02
2.082736e-02
-1.779364e-03
-1.576187e-02
1.553110e-03
2.337316e-02
-8.350611e-03
-4.010456e-02
-2.223124e-02
-6.135888e-02
-7.997292e-03
1.820781e-02
-2.294167e-02
3.369974e-02
7.666163e-02
-1.884921e-02
-7.827339e-02
1.935676e-02
-1.271241e-02
-1.092385e-03
5.528433e-04
-2.646629e-02
1.900361e-02
1.304181e-02
-7.989065e-02
5.184324e-02
-6.035823e-02
7.990325e-02
-6.386651e-03
1.730169e-02
3.555543e-03
-1.609755e-02
1.829464e-02
-3.925871e-03
1.288024e-02
-6.219367e-04
1.726504e-03
2.329203e-02
-1.912100e-03
2.173527e-02
2.047128e-02
1.634257e-02
3.512378e-03
7.989480e-02
4.893116e-03
1.424180e-03
1.412467e-02
-1.895647e-02
-3.037353e-03
-1.777150e-02
-4.868922e-02
4.443434e-02
-1.505662e-02
-2.190937e-03
-1.970671e-02
2.062459e-02
2.132392e-02
3.081896e-03
3.604059e-03
-4.205478e-03
-3.673602e-03
2.296064e-02
2.243933e-02
-1.399710e-03
-5.565958e-02
-2.235306e-02
6.775441e-02
-1.986686e-03
-1.490865e-02
1.116316e-03
-1.828245e-02
-2.377690e-03
1.986633e-02
1.784579e-03
-2.615213e-03
7.554506e-03
-2.530468e-02
-4.418248e-03
4.338902e-03
7.819198e-02
2.801441e-03
1.818479e-02
5.409125e-03
-2.557252e-03
5.986462e-04
4.355310e-02
2.289835e-02
2.164228e-02
3.536068e-02
-1.737872e-03
1.321007e-03
3.060803e-03
1.828659e-03
-2.228374e-02
1.551545e-02
5.375889e-03
-5.368897e-03
1.344007e-02
-1.684565e-02
1.814968e-03
-4.290951e-02
6.089387e-02
-7.634488e-02
-3.547631e-02
2.271610e-02
2.116450e-02
-1.054595e-03
1.298123e-02
2.427127e-02
5.933946e-02
-1.391773e-02
1.702160e-02
-2.092600e-02
5.529508e-03
2.298763e-02
2.031631e-02
-9.085546e-04
-6.064433e-02
-4.669348e-03
1.760556e-02
2.219952e-02
-2.292715e-04
5.430787e-03
-2.076775e-02
-1.720529e-02
-2.201489e-02
-6.111419e-03
-1.562681e-02
-1.658406e-02
3.330401e-03
-8.236164e-03
-7.991163e-03
-1.801002e-02
2.810751e-02
5.025743e-03
1.218729e-02
-5.484652e-02
4.457806e-02
-6.731031e-02
4.194517e-04
6.770720e-04
6.132021e-03
-7.442214e-02
-2.093663e-02
2.001665e-02
-2.421125e-02
-1.515309e-02
1.874859e-02
-2.158722e-02
1.922139e-02
7.297593e-02
2.520092e-02
2.085441e-02
5.939486e-02
2.215182e-02
-1.755224e-02
-7.339664e-02
6.907557e-02
-5.860416e-02
1.600365e-02
1.411434e-02
-1.738849e-02
-2.858352e-02
-1.767903e-02
1.963312e-02
-4.926760e-03
2.876993e-03
-3.450819e-02
1.800544e-02
-2.282727e-02
1.922211e-02
-1.576187e-02
1.900421e-02
1.726123e-02
-1.409147e-05
-3.408531e-02
4.091726e-03
2.503494e-02
-6.731254e-03
9.109372e-04
-3.510038e-02
1.977647e-02
-2.267501e-02
1.450851e-03
-2.369532e-02
-3.379653e-02
4.637082e-03
3.241967e-03
4.479903e-02
6.328766e-02
1.624190e-02
-6.307313e-02
-2.159140e-02
-1.718817e-02
-1.728579e-02
-3.634446e-02
1.972924e-02
-5.947347e-02
-1.915916e-02
-2.021050e-02
-7.299611e-03
-9.041988e-04
7.180940e-02
8.565818e-04
-1.934389e-02
1.532078e-02
2.053028e-02
-2.664129e-03
1.714852e-02
2.042882e-02
-2.174884e-02
9.940664e-04
-2.257057e-03
1.609048e-03
-1.722978e-02
1.965715e-02
-3.632508e-02
2.092142e-02
1.578487e-02
-1.813608e-03
-1.466581e-02
-7.906933e-02
-1.952983e-02
6.318627e-02
-3.255660e-03
-5.456501e-02
5.056262e-02
-5.574371e-02
1.906934e-02
-1.675602e-02
-2.146563e-02
-3.014084e-02
7.443165e-02
-2.325736e-02
-1.637468e-02
2.297028e-02
-1.246435e-02
4.857429e-04
-1.410542e-02
-3.105972e-02
-1.089892e-03
6.254761e-03
5.461223e-02
1.559789e-02
-1.110783e-04
5.477063e-02
-2.365204e-02
6.317317e-03
-3.900398e-02
-1.825218e-03
1.040476e-03
-7.295614e-03
2.342391e-03
2.928330e-02
-1.380249e-02
7.651276e-03
-1.893136e-02
1.883642e-02
2.057129e-02
-2.961258e-02
-5.766072e-02
-7.084211e-03
-7.950973e-02
-5.231801e-03
-1.969839e-03
6.536003e-02
3.441375e-02
1.422811e-03
-4.889461e-02
7.445999e-03
1.680750e-02
1.448098e-02
-5.217557e-02
1.691336e-04
2.456714e-02
4.070899e-02
3.699717e-02
-2.099451e-02
2.276918e-02
1.925690e-02
-2.851206e-03
-2.041550e-02
5.769620e-02
-5.324076e-02
2.513011e-03
1.285219e-02
2.414817e-03
3.638497e-02
2.446520e-02
-7.569465e-03
2.314265e-02
-5.296367e-02
1.625973e-04
-7.957864e-02
-1.727252e-03
-6.412447e-03
8.613960e-04
6.518637e-04
-4.314074e-02
-1.601649e-03
-1.553600e-02
1.047047e-03
2.077856e-02
-3.188045e-02
6.922966e-03
2.591906e-02
1.305042e-02
-3.411624e-02
2.885073e-02
-3.249238e-03
4.032368e-03
-7.355364e-04
2.880728e-03
2.873113e-02
2.553094e-02
-1.143523e-02
1.516845e-02
4.852311e-02
1.679152e-02
7.035041e-03
2.857082e-03
1.421226e-02
4.022351e-02
-4.244285e-02
6.734925e-02
1.870661e-02
-3.963212e-04
-5.346312e-03
1.475637e-03
-3.664722e-03
-5.259923e-02
-2.199671e-02
-2.867652e-03
2.000550e-02
6.865809e-03
2.871706e-02
-2.046168e-02
6.391183e-02
-1.399690e-02
-2.510413e-02
3.992588e-03
-3.465345e-02
-1.039485e-03
1.119177e-02
-1.175434e-03
-1.789167e-03
1.530460e-02
3.385530e-02
3.614195e-02
-2.031333e-02
-2.103479e-02
-2.407997e-03
4.589610e-04
-7.547070e-02
-4.768533e-02
-2.350457e-02
-2.601977e-03
4.236438e-04
4.038716e-02
5.037897e-03
-3.143214e-02
-3.525949e-03
1.337743e-02
-2.311515e-02
-7.217535e-02
1.778156e-03
-7.219769e-02
-1.886622e-03
-2.322827e-02
1.757038e-02
1.855059e-03
1.716036e-02
3.531229e-04
6.096867e-02
8.351156e-03
1.613522e-02
1.341738e-02
7.496588e-02
-2.848999e-03
1.769354e-02
1.112275e-03
1.789215e-02
-1.403916e-02
-6.837168e-03
4.908937e-03
-5.307400e-02
-2.372303e-02
-2.304854e-02
6.545938e-04
-4.490013e-02
1.680841e-02
-2.406948e-03
3.932429e-02
3.550608e-03
1.659248e-02
7.819476e-02
-2.972138e-03
-1.635795e-02
2.621588e-02
1.879873e-03
-5.632834e-03
2.314616e-02
5.074044e-02
2.149845e-02
4.377199e-02
5.477861e-03
5.770094e-03
-7.593791e-02
2.178719e-02
-4.388295e-03
-5.447024e-02
-7.756234e-02
-3.047277e-02
6.101938e-02
-4.964468e-03
-2.333981e-02
2.437918e-02
3.674000e-02
7.383881e-02
-1.835933e-02
-2.029481e-02
4.216812e-02
1.576702e-02
-2.632207e-02
-1.521508e-02
9.504523e-04
2.330715e-02
3.148722e-03
-4.060263e-03
1.585876e-02
-4.956188e-02
-7.901074e-02
7.836333e-02
-2.308725e-03
6.614672e-02
1.909605e-02
-1.033295e-03
-2.471769e-02
-1.759533e-02
-5.045791e-03
1.308882e-02
2.769200e-03
5.985337e-03
1.947175e-02
-2.710535e-03
2.288166e-03
-1.990900e-02
6.042985e-02
3.902574e-02
6.155780e-02
1.818349e-02
-2.203431e-04
1.273078e-03
4.422591e-02
-2.246260e-02
6.957122e-04
1.545478e-02
1.356339e-02
2.023553e-02
-6.926901e-04
-6.626372e-03
1.513337e-03
-2.714640e-03
-2.256046e-02
6.452158e-02
-6.386330e-03
-4.704489e-02
-1.734578e-02
-1.873408e-02
4.737246e-02
5.245590e-02
-2.786561e-03
3.883166e-02
-3.332145e-02
-2.102190e-02
-1.803535e-02
-1.719678e-02
1.573688e-02
-3.958766e-03
5.155669e-02
-2.046033e-02
1.814103e-04
-1.334600e-02
2.063268e-02
-2.239055e-02
4.062673e-03
5.493061e-03
3.459379e-03
-2.526324e-03
-1.227203e-03
4.380210e-03
-3.447444e-03
-1.646086e-03
-1.504899e-02
-1.627893e-02
5.644556e-02
-1.947542e-02
1.451901e-02
-4.818077e-03
-4.661738e-03
-1.808632e-02
4.231402e-03
-2.542084e-02
3.287221e-02
1.097050e-04
1.798489e-02
3.392845e-03
-1.289716e-03
5.727014e-02
-1.423163e-02
-1.853758e-02
-6.022453e-05
-2.110753e-03
-1.749519e-02
1.698647e-02
-1.761534e-02
1.188400e-02
-1.102132e-02
-1.279551e-03
-5.316065e-02
-1.657321e-02
1.038941e-03
2.493626e-03
1.612059e-02
-2.436381e-02
2.027603e-03
2.046636e-02
1.642279e-02
4.083408e-02
-7.732377e-02
-1.326250e-03
1.989308e-02
2.187336e-03
-2.183280e-02
-2.336004e-02
-2.196072e-02
7.207955e-02
2.135957e-02
1.636536e-02
-1.891996e-02
-2.418425e-02
-4.059689e-03
2.268763e-02
-6.074156e-02
-1.477005e-02
-1.326167e-03
-1.334599e-02
-8.402528e-03
4.828134e-03
-2.588208e-04
3.074834e-03
2.009405e-02
-3.637024e-03
-3.685669e-02
1.498826e-02
-3.187929e-03
6.842615e-03
-2.467353e-02
3.223085e-02
-4.831535e-02
1.687355e-02
-6.347589e-02
1.121673e-03
-6.258623e-02
-4.768054e-02
5.016758e-02
4.809396e-02
-1.828372e-02
1.917728e-03
2.806052e-03
3.781347e-02
-9.519109e-03
-3.467923e-02
-1.720665e-02
1.777737e-02
-1.635236e-02
-4.369977e-04
7.810915e-02
3.568045e-03
-4.065096e-03
3.757381e-03
3.242671e-02
3.959931e-03
2.074347e-02
1.787940e-02
-1.455615e-02
2.053704e-02
-2.273603e-02
-2.053754e-03
2.033375e-02
1.278572e-03
4.572846e-03
-8.779550e-04
-5.404148e-03
2.042325e-02
3.636713e-02
1.825702e-02
2.411018e-02
2.078521e-02
1.366675e-05
-1.643647e-02
-3.768584e-02
-8.768919e-04
1.796960e-03
-2.096972e-03
4.249495e-02
-1.936303e-03
-1.771735e-02
-4.370360e-03
-6.100984e-02
-1.958868e-03
-5.484963e-02
2.664259e-02
-1.199242e-03
-2.767195e-03
3.897083e-02
7.620696e-02
1.275009e-02
-3.875668e-02
-4.093226e-03
-1.431058e-03
-3.147268e-03
-2.219591e-02
-1.480639e-02
-5.530885e-04
2.473444e-03
1.402367e-02
2.632464e-02
7.317273e-03
5.231308e-03
-3.462668e-02
-8.320659e-05
-6.913321e-02
-1.119835e-02
2.509687e-02
3.823862e-04
-6.095171e-04
3.619828e-03
7.058512e-02
7.196209e-02
1.853995e-02
7.686372e-02
1.831211e-03
-1.578130e-02
-2.181517e-02
1.679563e-02
2.570823e-02
5.754271e-02
5.743784e-02
1.706866e-02
4.043950e-03
3.775989e-02
3.747266e-02
1.408679e-03
7.787754e-02
-1.922755e-02
-7.781519e-02
4.369683e-02
3.561108e-03
6.658401e-02
-3.882883e-02
-6.230808e-02
-2.321245e-02
-7.243008e-02
2.294117e-02
-2.573825e-03
2.120554e-03
1.976413e-04
-5.522753e-02
2.033891e-02
2.359154e-02
8.764635e-03
-3.251638e-02
6.419109e-03
-5.765293e-03
4.015786e-02
7.071214e-02
3.994565e-02
-2.100415e-03
-6.051303e-04
6.361524e-02
1.230273e-03
8.861399e-04
1.796409e-02
2.136093e-02
6.941568e-02
-1.781374e-02
-2.494689e-02
6.029412e-04
-2.129167e-02
2.693000e-03
1.717093e-02
2.067887e-02
1.370041e-03
-1.772199e-02
-7.482944e-02
3.695732e-03
-2.277664e-02
-1.441504e-02
-1.983246e-02
-1.894713e-02
1.587964e-02
-1.403931e-02
5.494984e-02
4.020851e-02
1.914650e-02
3.765536e-02
2.465361e-02
2.571893e-02
1.886010e-03
-1.068129e-03
-3.916239e-03
4.280732e-03
1.951605e-03
-1.744141e-02
1.047978e-03
1.835341e-02
2.204253e-02
4.282872e-03
-5.460866e-02
1.337227e-02
2.790273e-02
-5.125043e-02
-2.655116e-02
4.645772e-02
-1.571488e-02
1.064684e-03
4.070147e-02
-1.711041e-03
-4.631362e-02
1.570824e-03
1.651926e-02
-1.358926e-04
5.618570e-03
9.171363e-05
4.423286e-02
1.624503e-03
5.829899e-02
-7.783314e-04
3.022566e-03
-2.076797e-02
-2.140361e-02
-2.056436e-02
5.262928e-03
-2.062765e-02
2.266193e-02
1.577556e-02
-2.153289e-02
-6.975976e-03
1.154572e-03
-1.793718e-02
1.836993e-02
-1.770398e-02
2.472942e-03
-4.162405e-03
2.586563e-03
-1.458061e-03
-7.727079e-04
1.260507e-02
4.289495e-03
2.554933e-03
-1.712654e-02
3.598028e-02
-1.358262e-03
5.018725e-02
1.857074e-02
2.501524e-02
-7.098100e-02
1.522007e-02
6.401374e-03
-5.103080e-03
-2.048366e-02
3.446594e-03
1.538697e-02
1.623242e-02
-1.179223e-04
2.445564e-02
8.693729e-04
-5.818816e-03
6.924519e-02
2.409359e-02
1.630281e-02
-2.044174e-02
6.080446e-02
2.277719e-02
1.979539e-02
1.860706e-02
-5.769239e-02
1.953147e-02
5.421844e-02
-2.809862e-03
1.886674e-03
-6.723302e-03
-2.550329e-02
-2.979110e-03
-1.321865e-02
-5.328366e-04
1.549768e-02
-1.999546e-02
6.723052e-04
2.638826e-03
-3.181598e-04
-2.000163e-02
-1.560069e-02
2.087184e-04
3.096550e-03
-3.302287e-03
1.520643e-02
1.982492e-02
-5.682257e-03
6.275531e-02
4.014914e-02
1.471839e-02
-1.962047e-02
2.131279e-02
1.153571e-02
2.184583e-02
-2.243166e-02
-1.795483e-03
3.827719e-03
-1.844589e-02
8.682562e-04
1.564754e-02
2.477130e-02
2.262531e-02
-2.225845e-02
-1.000968e-02
-1.345050e-02
1.260355e-02
1.849128e-04
1.844430e-03
-4.440431e-02
-1.668870e-02
2.714286e-03
-2.288212e-02
2.995793e-03
-6.876619e-02
1.570248e-03
2.198983e-02
-2.709808e-02
-5.769373e-03
-3.164658e-02
-2.056521e-02
-2.203018e-03
1.554793e-02
-1.578148e-02
5.193678e-03
2.420006e-02
-2.154128e-02
5.322142e-04
-7.572842e-03
1.267517e-02
-4.996487e-03
3.120052e-03
3.466124e-02
-3.261958e-03
1.904353e-02
-7.763904e-02
2.245927e-02
-4.692664e-03
3.252858e-02
1.390232e-02
3.332990e-03
1.535153e-02
6.070581e-02
-7.077106e-04
-2.145711e-02
3.679550e-03
2.121712e-02
3.362623e-03
3.591292e-02
1.365922e-02
5.887197e-02
2.265069e-02
-1.580284e-03
-4.784000e-03
-1.843580e-02
5.291756e-02
2.258948e-02
-7.164174e-04
-1.768387e-02
-6.280041e-04
-2.207204e-02
1.353105e-02
-1.828809e-02
-1.095014e-03
3.153680e-03
-1.380198e-02
-1.903997e-02
4.125671e-02
-5.918437e-02
1.565331e-02
-2.095495e-03
3.354965e-03
1.856162e-03
1.015559e-02
6.237683e-03
-3.344804e-02
-1.584662e-02
6.300747e-04
-7.372310e-02
-2.917185e-03
3.121392e-02
1.837408e-02
-1.112837e-03
2.364159e-02
-2.562186e-02
3.799692e-03
1.911839e-02
1.484230e-02
2.214326e-02
-1.408652e-03
2.044886e-02
-2.511172e-02
1.840473e-02
2.981649e-03
1.818376e-02
2.229249e-03
6.831925e-03
-2.053286e-03
4.695167e-03
-7.368991e-02
2.990362e-02
-1.508196e-02
1.919104e-02
-1.091726e-02
1.182282e-03
2.400387e-02
-2.230177e-04
-1.705608e-02
2.027593e-02
6.723437e-04
2.552703e-02
-2.093300e-02
2.272459e-02
-1.642228e-02
1.045516e-03
6.382974e-02
4.185231e-04
-1.753792e-02
4.159330e-02
-1.694445e-02
6.892759e-05
-1.836978e-02
-2.165395e-02
7.326184e-02
4.146868e-04
-5.143524e-03
-1.515981e-02
9.626972e-04
1.297682e-02
1.633622e-02
-2.298119e-02
4.786309e-03
1.505359e-02
-1.539434e-02
3.255744e-02
7.082285e-03
5.928895e-03
-4.060820e-02
-3.281998e-02
-3.547657e-02
7.938169e-02
2.751836e-02
-1.665655e-03
-7.915911e-03
5.638195e-02
5.461556e-02
-5.489402e-04
6.613254e-02
-3.782722e-02
3.185238e-04
-2.949653e-04
-1.505407e-02
4.354806e-02
2.279248e-02
5.801482e-04
-2.003213e-02
2.157231e-02
-7.261949e-02
-5.820528e-02
-3.561413e-03
-2.358401e-02
9.828767e-03
1.540846e-03
1.460828e-03
-2.129171e-02
1.473282e-02
-1.320284e-02
1.619760e-02
2.369459e-02
-3.613769e-03
3.892264e-03
1.805950e-02
2.653614e-02
-1.454097e-03
1.922023e-02
-1.611569e-03
-7.368346e-02
4.473556e-02
-6.580114e-02
5.784003e-02
1.385778e-02
-1.907608e-03
-4.857678e-03
1.892662e-02
-2.195494e-02
-2.146655e-02
8.031726e-03
2.646861e-03
-6.172027e-04
1.089063e-02
-1.740594e-02
-2.079631e-02
1.602979e-02
5.711930e-02
-3.957721e-02
1.043339e-03
-1.847422e-02
-6.549128e-04
-2.688390e-03
1.881530e-02
-4.501194e-02
1.532188e-02
-7.899399e-02
-1.633064e-02
7.346483e-04
2.546252e-02
1.553107e-02
-3.331520e-02
-1.551738e-02
6.522496e-02
1.984544e-02
1.947702e-02
-1.506125e-02
1.586976e-02
1.532162e-03
-2.118250e-02
-1.630637e-02
-1.845307e-02
1.733060e-02
-2.351091e-02
-1.704957e-03
-1.680305e-02
-3.149258e-03
-5.615406e-03
-1.658246e-03
-4.334237e-02
1.213886e-02
-6.962297e-02
-1.935939e-02
-1.887549e-02
-4.189414e-02
-2.357196e-02
-1.566249e-02
-5.844473e-02
3.447827e-02
-2.786611e-03
8.523151e-04
-1.717346e-02
7.645348e-02
-1.736065e-02
-3.200528e-02
7.113828e-02
-1.709650e-02
-5.937862e-02
-2.946872e-03
3.935784e-02
-5.669134e-02
2.092512e-04
-7.830984e-04
-3.670412e-04
-1.740608e-03
-5.406798e-02
1.920984e-03
2.075217e-02
2.246254e-02
-2.067356e-03
1.869479e-02
2.841728e-03
-2.289071e-02
-1.069074e-03
5.992031e-02
4.517319e-02
-6.708325e-02
-7.685026e-02
-1.737221e-02
2.422907e-03
8.002527e-05
-1.863603e-02
-2.361218e-02
4.090402e-03
7.233968e-03
-1.594954e-02
-2.833957e-02
-4.096781e-02
1.427081e-02
5.254535e-03
1.185744e-03
3.504492e-02
-5.195575e-03
-7.017646e-02
5.618868e-03
7.850518e-02
-1.639832e-02
6.025062e-02
4.917546e-03
1.902677e-02
7.008885e-02
3.920229e-02
3.508842e-03
-2.117221e-02
2.042064e-02
-6.070353e-02
2.356685e-02
3.854311e-02
-7.361021e-03
2.562462e-02
-2.322508e-02
1.304803e-04
-1.913279e-02
-3.262042e-02
3.818626e-03
-2.275929e-02
4.211352e-02
3.018150e-02
-1.291604e-02
1.521373e-02
-4.660759e-03
1.316676e-02
1.975703e-03
1.356096e-02
-4.808608e-03
-3.691249e-02
-3.976686e-02
2.786561e-02
3.631770e-03
-1.684890e-02
-1.590734e-03
4.152251e-03
-6.641969e-02
-4.159742e-03
2.542455e-02
7.567721e-02
-2.793599e-04
-4.832724e-03
-1.933446e-02
-1.206267e-03
-1.092707e-02
-2.039721e-02
-3.304868e-03
-1.546624e-02
2.253880e-02
2.037615e-02
-2.589139e-03
2.425843e-02
1.871426e-02
6.020200e-02
-2.800497e-03
4.273451e-02
-1.288707e-03
-1.179018e-02
1.208702e-04
3.656184e-02
4.976146e-02
-4.094028e-03
5.655274e-02
7.951270e-03
2.452950e-03
-6.949469e-02
2.060668e-02
-3.174393e-03
-1.967296e-02
-4.153690e-02
-1.415268e-02
-5.834359e-03
2.023449e-02
2.608034e-02
-7.865032e-02
-1.799274e-02
1.948183e-02
-4.026052e-03
-3.764873e-03
5.242436e-03
2.432513e-02
-5.355171e-03
-2.222966e-02
2.372740e-03
-7.956971e-02
-6.080353e-02
2.382072e-03
2.117064e-02
-1.828567e-02
-1.702837e-03
-2.294829e-02
-1.965856e-02
3.718640e-02
2.033786e-02
-4.379762e-03
3.396913e-02
-3.642992e-02
-6.733074e-03
-2.002467e-02
-1.447097e-03
-2.209245e-03
-1.055039e-03
-1.831121e-02
4.745761e-02
3.703897e-02
-4.157560e-02
3.515253e-03
1.913853e-02
2.566181e-02
-3.864734e-03
1.169778e-02
-7.265349e-02
2.303482e-02
2.012863e-02
5.489248e-02
-4.641405e-03
-2.564421e-03
-7.843017e-02
-2.301862e-02
2.221964e-02
-3.678229e-02
2.108241e-02
5.027269e-02
4.603270e-02
-7.587119e-02
1.801182e-02
6.025218e-02
-3.698046e-03
3.166498e-02
7.190350e-02
1.863286e-02
5.492991e-02
2.041495e-02
1.790091e-02
1.072372e-02
-1.453127e-03
-4.536203e-03
-1.214018e-02
3.389300e-02
5.422451e-03
1.530248e-02
-4.667976e-03
-2.126893e-02
-4.021629e-03
-1.778123e-02
4.115877e-02
9.069685e-04
4.847865e-03
2.109274e-02
3.861963e-02
-1.896818e-03
-7.513624e-02
-2.464478e-02
6.855147e-02
-2.105755e-03
-3.234798e-02
-3.016575e-03
2.353945e-02
-5.828419e-02
-7.474719e-02
7.281776e-02
2.956645e-02
4.538859e-02
1.323790e-02
-1.671409e-02
3.397901e-02
-1.572658e-02
-2.398655e-02
-1.037081e-03
-1.611257e-02
1.681279e-02
4.306843e-02
-1.849581e-02
-6.582402e-02
-1.307576e-03
-1.848688e-02
-7.338522e-02
-3.781930e-02
-2.292168e-02
3.654306e-03
1.652219e-02
-1.479664e-03
1.673771e-03
-2.405035e-02
8.565577e-04
-2.147137e-02
3.881928e-02
-7.815797e-02
-1.742237e-03
-6.967052e-02
-1.495497e-02
1.574183e-02
-7.377607e-02
-2.247252e-02
-9.662665e-04
4.556906e-02
4.430787e-02
1.575204e-03
-7.548296e-02
5.586437e-02
-3.463290e-02
5.771875e-02
1.908263e-02
7.559226e-02
2.458786e-03
3.629318e-02
-1.920867e-02
-5.364501e-03
2.060268e-02
-3.746281e-03
-3.658535e-03
-3.541692e-03
1.742142e-02
-2.014048e-02
-7.773320e-02
-2.830060e-02
5.615801e-02
3.123164e-03
6.226340e-02
-3.646917e-03
1.058821e-02
-1.639061e-02
3.671481e-02
3.513234e-03
-2.890994e-02
1.205446e-03
4.005632e-02
-6.527550e-02
2.113831e-02
-1.030151e-03
-3.176704e-02
-6.490679e-02
4.176727e-03
1.758109e-02
7.951155e-02
1.759563e-03
-3.354029e-02
-1.991522e-03
-1.487920e-02
-1.855586e-02
3.371915e-03
-3.670316e-03
-5.360466e-02
-1.979334e-02
-2.221408e-02
-3.771471e-02
-3.600284e-03
-2.347000e-02
-1.214602e-03
-1.691416e-02
6.453055e-02
1.595662e-03
7.028720e-02
-2.995505e-03
-2.737369e-02
1.836996e-02
7.234895e-02
7.852011e-02
2.696068e-02
1.950101e-02
1.835612e-02
1.002206e-03
3.026779e-02
1.373370e-02
-1.346138e-02
5.935608e-02
-5.168722e-03
-3.407107e-02
2.707772e-02
-3.981549e-03
-2.047421e-02
7.937573e-02
-1.417742e-03
-3.329818e-03
-3.441777e-03
1.980504e-02
-3.352189e-03
-3.738339e-02
-6.738050e-02
-1.465016e-02
-2.248705e-02
-2.518082e-03
1.764096e-02
-3.657171e-02
6.127175e-02
-1.511713e-02
1.983618e-02
-4.034350e-02
1.927494e-02
-1.452485e-03
-1.645126e-02
-3.383360e-02
5.482910e-03
-4.623830e-03
1.883339e-02
-1.289185e-02
5.810725e-03
2.483114e-03
1.724423e-02
4.415218e-02
3.615692e-03
-5.300730e-03
1.715844e-02
-6.317607e-04
1.782485e-02
-1.639190e-03
7.863661e-02
5.950984e-03
1.953223e-02
7.500242e-03
5.567493e-03
2.103397e-02
-7.415908e-02
-2.107848e-02
-2.138121e-02
1.547808e-02
-1.958914e-02
-3.609399e-03
-2.175037e-02
-6.281844e-03
-4.039479e-03
5.767141e-02
-1.743610e-02
3.501844e-03
4.189418e-02
3.775171e-02
-4.678606e-02
-5.110647e-02
-6.298829e-02
1.190958e-03
5.542160e-02
2.262655e-02
-1.728986e-02
-2.518207e-02
2.035762e-03
-4.177833e-03
-4.465379e-03
6.440477e-02
-6.157019e-02
-2.410634e-02
-7.316507e-04
-1.728734e-02
2.488655e-02
1.785823e-02
4.391761e-03
-2.193994e-02
4.865702e-03
-3.753585e-02
-4.816938e-02
1.574541e-02
-1.940334e-02
-6.985503e-02
9.102874e-03
-2.712885e-04
-1.546169e-02
-1.553065e-03
-1.616301e-03
-6.344648e-04
6.729638e-02
-3.839140e-03
-3.841967e-02
-2.215924e-02
-2.255337e-02
2.137123e-03
-7.297371e-02
1.726091e-02
-2.144528e-02
3.706305e-02
1.121572e-02
4.122200e-02
2.485016e-02
-1.793260e-02
-1.502716e-02
1.913808e-02
-4.977561e-04
1.139542e-03
-2.358783e-02
-1.864563e-02
-1.818119e-02
-3.302017e-02
-2.507147e-02
-5.328368e-02
-1.809028e-02
5.259634e-04
1.475859e-02
-6.402541e-03
-1.054851e-03
7.535334e-02
2.053045e-02
-5.090560e-03
6.774749e-02
-2.141713e-02
7.683968e-03
2.092231e-02
-1.188642e-03
-7.353948e-03
1.641031e-02
-2.653946e-02
1.385852e-02
-1.513314e-02
1.610173e-02
2.395654e-02
-7.361279e-02
-1.540117e-02
-2.136711e-02
2.181846e-02
1.923192e-02
-1.630286e-02
2.652529e-02
2.232633e-02
3.175976e-04
2.297002e-02
-7.623375e-02
-1.718913e-02
9.367261e-04
-3.206189e-03
-7.989164e-03
-8.714299e-04
-1.628157e-02
1.361326e-02
3.092873e-02
2.015386e-02
-2.523658e-02
-1.969985e-02
2.065856e-03
1.980023e-02
3.755419e-03
1.458275e-02
-7.624017e-03
5.969770e-02
6.515584e-03
-6.100750e-02
-1.537563e-02
-1.841210e-02
2.225341e-02
5.973368e-02
-4.752343e-03
6.829654e-02
4.163717e-03
-1.745357e-02
-2.246708e-02
1.003514e-03
-1.931447e-04
2.441882e-02
-1.361484e-02
4.762522e-02
2.098466e-02
-5.962207e-02
-6.287676e-03
1.544009e-03
1.777431e-02
7.860986e-04
-7.403802e-02
-1.967494e-02
-1.641246e-02
-1.345280e-03
1.390434e-03
1.327441e-02
3.607943e-02
1.562280e-02
2.444937e-03
-1.958541e-02
2.021713e-02
-5.402474e-02
1.667058e-02
1.094655e-03
-2.583046e-02
-2.743641e-02
2.152048e-05
1.791606e-02
3.173468e-03
-1.466361e-02
-3.145465e-03
1.365300e-02
-5.036771e-02
2.379201e-03
-4.749400e-04
2.177652e-03
-1.472178e-02
-1.829614e-02
1.751271e-02
-7.661334e-02
-1.396543e-03
5.899636e-02
7.322939e-02
-3.869550e-03
-2.552861e-03
-5.084150e-03
3.439474e-03
2.605461e-02
-2.519148e-03
-7.979214e-02
2.516221e-03
-1.389765e-03
1.492211e-03
-2.156926e-02
-1.387805e-02
-7.136501e-02
2.221266e-02
-5.223329e-02
3.418216e-02
-1.784531e-02
6.466269e-02
-1.892641e-02
-1.707078e-02
-5.734411e-02
4.243012e-03
3.626165e-04
1.818033e-02
-2.341474e-02
1.317376e-02
-1.434666e-02
-2.590370e-03
-3.533950e-02
6.832770e-04
-1.613887e-02
-1.734342e-02
-1.984797e-02
-1.760603e-02
1.571907e-02
-1.204946e-03
3.305887e-02
-6.041917e-03
2.333956e-03
-9.557884e-05
-2.849818e-03
2.212400e-03
-3.064746e-02
-2.587644e-03
7.600991e-03
2.260989e-02
-2.214930e-02
-8.746675e-04
3.548201e-03
2.460983e-02
6.682007e-03
1.252421e-03
-1.390420e-02
5.130019e-03
2.864554e-02
-2.719775e-02
1.799468e-02
-2.934505e-03
1.992197e-02
2.907060e-03
1.568314e-02
-1.868791e-02
-2.779175e-02
1.890634e-02
-2.926970e-02
-2.276204e-03
5.684029e-02
1.640048e-03
-6.074216e-02
-7.577247e-02
-1.529539e-02
-1.237546e-02
-1.247676e-03
-3.428560e-02
3.847937e-02
4.260914e-03
1.411939e-02
2.066904e-02
5.244095e-03
-1.178976e-02
-5.152809e-04
4.175370e-03
5.459376e-03
2.514158e-02
2.766673e-02
-7.331057e-03
6.585252e-03
2.394081e-02
-2.712419e-03
-4.806472e-03
-2.717279e-03
6.259092e-02
-3.059495e-02
1.638596e-02
-2.191540e-02
1.982718e-02
1.821478e-02
-9.597465e-04
-2.269327e-02
3.369867e-02
1.698472e-02
5.799292e-02
-8.550422e-04
2.571416e-02
-1.049394e-03
6.521940e-02
2.071991e-02
-2.295380e-02
3.573249e-02
-1.876365e-03
-6.734385e-02
-3.662018e-03
-2.917448e-04
5.516911e-02
-4.202345e-03
5.681877e-02
6.341100e-05
4.209542e-03
-1.292464e-02
-1.944208e-02
-1.482168e-02
-5.773765e-02
-1.286769e-02
-5.213127e-04
3.861639e-03
3.478855e-02
3.435729e-02
-2.697879e-03
-1.701672e-02
2.159425e-02
-4.956734e-02
-3.091373e-03
-3.429516e-03
7.853724e-02
1.621249e-02
-5.721814e-02
-1.702862e-02
-1.195731e-02
-3.036776e-03
-2.274559e-02
-1.824572e-02
-1.728885e-03
-7.306666e-02
1.719040e-02
4.311371e-03
2.393314e-02
4.656556e-03
1.161567e-03
-2.460194e-03
-6.567597e-02
-1.870025e-02
4.937694e-02
1.639683e-02
-1.865239e-02
2.347336e-02
-7.188204e-03
-2.590048e-02
-1.957118e-02
-4.451257e-02
2.488499e-02
-1.642592e-03
7.722074e-03
-1.642528e-02
2.858288e-02
-1.442978e-02
-6.796519e-02
2.601969e-03
-2.647133e-02
-5.727336e-04
1.178222e-02
4.339447e-03
-5.316476e-02
-8.967519e-04
-2.414489e-03
3.646115e-02
-5.768009e-03
-5.988212e-02
-1.265656e-02
-4.942717e-03
2.952052e-02
3.380143e-02
3.450740e-02
1.353376e-02
-6.904121e-02
-1.722463e-03
3.477113e-02
6.606512e-04
-7.837423e-02
-1.388599e-02
-1.178302e-03
-2.727081e-02
1.954655e-02
-3.102955e-02
-1.293922e-03
4.946363e-03
-1.909429e-02
3.413870e-02
-6.729841e-02
-6.352552e-02
3.328793e-05
-2.191132e-02
1.029536e-02
1.300206e-03
-4.615393e-03
-5.411370e-02
1.994315e-02
6.448017e-03
-5.581968e-02
-5.361664e-03
-3.746886e-02
-1.473652e-02
2.252500e-02
-3.815494e-02
1.577530e-02
5.257253e-03
-3.990396e-02
2.485733e-03
-6.008274e-02
-1.930420e-02
1.349875e-02
-1.033052e-03
2.152623e-02
2.340103e-02
3.121691e-02
4.326286e-02
-1.381528e-02
2.092543e-02
1.663951e-02
1.850438e-02
-1.594424e-02
-5.453651e-02
3.699174e-02
1.585516e-02
-6.550044e-03
1.172851e-02
4.015190e-03
-7.597791e-03
3.840882e-04
-1.680628e-02
1.458905e-04
1.786013e-02
-1.928868e-02
-2.270423e-02
3.261194e-03
-1.516624e-02
6.797258e-02
1.888801e-02
-7.331689e-03
5.397225e-04
-1.608020e-02
-2.387369e-03
1.705202e-02
-4.694734e-03
1.149963e-03
-4.181179e-03
1.926000e-03
1.757288e-02
1.275117e-04
6.783821e-04
-6.475995e-02
1.717987e-02
-5.681152e-03
1.979584e-02
-1.662454e-02
4.337572e-03
5.862905e-02
2.073113e-02
2.655736e-03
6.420043e-03
2.307620e-02
-2.670273e-03
-2.226964e-04
1.791823e-02
1.068800e-03
1.885610e-02
2.416886e-02
-5.758634e-03
3.851049e-02
3.554069e-03
1.509434e-03
5.629691e-02
-4.984026e-02
1.919683e-02
1.585252e-02
2.124100e-02
1.791663e-02
-3.488763e-02
-3.068100e-03
-6.721224e-02
-5.505134e-03
5.677053e-03
-3.272895e-02
-2.134884e-02
-1.567496e-02
3.760653e-03
-1.497363e-02
1.395545e-03
-1.545120e-02
-2.582493e-02
-4.137737e-03
-3.562185e-02
2.070709e-02
-1.777224e-06
-7.209881e-04
1.500258e-03
-3.662423e-03
2.258030e-02
-7.637820e-02
1.957591e-02
-2.216559e-02
-3.183415e-02
-4.756457e-03
3.098627e-02
-2.667171e-02
-1.479073e-02
-2.110772e-02
1.889253e-02
1.603030e-02
7.114122e-02
-4.939971e-02
4.040124e-03
-1.671333e-02
3.032339e-03
-1.404191e-03
4.718341e-04
4.023940e-02
-2.442659e-03
2.152238e-02
-4.645897e-04
1.491831e-02
1.204397e-03
2.019354e-02
-2.797389e-02
3.927368e-02
-1.219993e-03
5.480170e-02
-6.036437e-03
-4.685247e-02
4.559873e-03
7.362265e-02
2.574838e-02
-4.658146e-03
8.410816e-04
-1.715054e-02
-1.608466e-02
2.301175e-02
-6.021023e-02
6.351792e-02
4.216839e-05
5.685926e-03
-1.744732e-02
-6.675782e-04
1.962225e-02
1.245715e-02
-3.874391e-02
1.311321e-02
-1.688018e-03
-3.793443e-02
1.662430e-02
3.257311e-02
1.516973e-02
-1.339414e-02
-4.409823e-02
-7.027594e-02
-8.225098e-03
-2.719292e-03
3.333077e-02
-5.572765e-02
1.205080e-03
1.462846e-02
-2.067265e-02
-5.541832e-04
-2.482451e-02
-5.537768e-03
-1.628312e-02
-1.664503e-02
-2.443400e-02
3.965174e-02
2.702137e-03
-3.177438e-03
2.278745e-02
7.949429e-02
1.249658e-03
1.928187e-03
-6.459372e-02
-1.558047e-03
-4.485993e-03
-4.398017e-03
5.891728e-03
-5.253818e-04
-1.684847e-02
-2.113454e-02
-1.857025e-02
1.673691e-02
6.950853e-02
2.163075e-02
3.079520e-02
4.182641e-03
-1.449614e-02
5.987776e-02
-7.800727e-02
1.666917e-02
1.644982e-02
-1.561083e-06
1.651946e-02
-7.933617e-03
5.673414e-04
-4.257058e-03
2.650166e-02
7.258162e-02
7.953000e-02
1.678855e-02
1.102912e-03
-1.287267e-02
-7.926760e-02
-3.384282e-03
2.644877e-02
-1.667476e-02
5.324150e-02
1.619149e-02
6.919894e-03
1.583915e-03
-5.656571e-02
1.897937e-02
-2.301654e-02
1.353135e-02
6.892593e-02
2.257756e-02
-7.351587e-02
-6.558071e-04
-7.764334e-02
6.392696e-02
-2.374512e-02
2.259277e-03
2.570207e-03
-1.452010e-04
5.539100e-03
-3.836419e-02
2.176470e-02
-2.197993e-02
2.048511e-02
2.008029e-02
1.917309e-02
1.974112e-02
-1.829006e-02
2.260439e-02
1.601190e-02
5.630385e-03
-1.966129e-02
2.348675e-02
8.691635e-04
-1.852189e-02
-7.627109e-04
2.016366e-02
1.268607e-02
2.196301e-02
-1.900799e-02
1.110645e-03
-3.884103e-02
-3.454955e-02
-1.778047e-02
1.616878e-02
-2.146938e-02
-4.938983e-04
1.683999e-02
-7.040434e-02
6.653864e-02
1.105636e-02
-2.194022e-02
3.978680e-02
-1.412553e-03
2.371910e-03
1.718274e-02
2.036464e-02
-3.230657e-03
-7.509015e-02
2.662641e-02
-2.279658e-02
-1.529422e-04
3.911482e-03
-2.426263e-02
-4.644857e-04
1.549780e-02
-7.502060e-02
1.970660e-02
-6.454249e-03
7.909428e-02
-4.540039e-02
-1.610527e-02
6.332136e-02
-6.623457e-02
1.374783e-02
-2.089486e-02
1.338967e-02
-2.347566e-02
-1.954036e-02
7.792212e-02
-2.923692e-03
-1.641468e-03
-1.553999e-02
-4.880798e-02
-3.723018e-02
4.275091e-04
5.090149e-02
2.589302e-02
-1.771558e-02
1.648412e-02
-6.489114e-03
3.924321e-02
2.512234e-03
-9.474969e-04
-7.976238e-02
-7.339909e-03
-7.739168e-02
-2.931535e-02
5.979135e-04
-7.758535e-02
6.656914e-02
-9.143606e-04
-1.788351e-03
2.642114e-02
-2.057155e-03
-2.083283e-03
-1.243935e-03
1.651854e-02
2.162490e-02
-1.668997e-02
-4.467795e-03
-3.671814e-02
-2.030912e-02
6.939369e-02
1.429277e-02
-2.587626e-02
1.996663e-02
4.196063e-05
1.887674e-02
3.529175e-04
-1.905353e-02
2.015901e-02
1.673109e-03
3.415365e-03
-1.438237e-03
-1.827164e-02
-7.704367e-02
-2.956922e-04
3.593236e-03
2.736610e-02
1.952373e-02
4.977961e-03
9.770700e-03
2.202831e-02
1.122143e-03
2.122162e-02
-1.846589e-02
1.674110e-02
-6.868234e-03
9.035997e-04
-2.168237e-03
1.470577e-02
-2.472165e-02
6.516811e-02
-1.480521e-03
1.386264e-03
2.386985e-02
2.042320e-02
1.190454e-02
8.027971e-03
2.245469e-02
1.677586e-02
-1.980005e-02
-2.077862e-02
-4.433462e-04
-1.409278e-03
3.299520e-03
-1.421474e-02
-1.932440e-02
-1.245984e-03
-1.910035e-02
-2.767525e-03
1.726394e-03
-7.900349e-02
-2.313243e-03
-6.031050e-02
-1.697004e-02
-1.795391e-02
2.311455e-02
-3.949081e-03
1.668639e-02
7.188368e-02
-2.951025e-03
2.208160e-02
2.044696e-02
-1.811690e-02
2.069754e-03
1.678626e-02
-1.274199e-02
7.960949e-02
-6.253655e-02
-2.353115e-03
2.891175e-02
-2.053430e-02
7.161501e-02
-1.577192e-02
-4.783597e-02
-6.295986e-02
-3.741546e-03
-3.974029e-02
-2.349704e-02
2.056663e-04
-7.206706e-02
2.735751e-03
1.549897e-02
-1.529267e-02
1.970758e-02
-1.429661e-02
-1.532199e-02
-1.104975e-02
5.010807e-03
-3.722530e-03
5.368618e-02
2.011438e-02
1.951164e-02
-2.668551e-02
5.392375e-03
5.500732e-02
2.154768e-02
7.681483e-02
-2.168057e-02
4.854455e-02
-4.008053e-02
-7.051584e-02
1.449770e-02
-1.667103e-02
3.471602e-03
5.662161e-03
4.416187e-02
3.729029e-02
3.598567e-03
2.045908e-02
3.217677e-03
-1.216866e-02
7.811848e-02
7.020029e-02
2.451192e-03
-7.227544e-04
-4.150255e-03
-2.089285e-02
6.299780e-02
2.121304e-02
2.048337e-02
-1.382908e-02
-8.523865e-04
7.998533e-02
2.744729e-02
3.888405e-02
-5.446496e-03
-2.241682e-02
-3.241317e-04
-1.692039e-02
-4.000210e-02
-3.667041e-02
6.470013e-03
2.108562e-02
-2.103145e-03
-4.157727e-02
2.925155e-04
2.259769e-02
1.768160e-02
-2.195704e-02
7.903014e-03
1.979188e-03
4.310680e-03
7.360732e-02
-5.656934e-02
-7.041940e-02
1.564515e-02
-1.547930e-02
1.636577e-02
1.815642e-02
-2.185486e-02
5.036566e-05
5.036190e-02
-3.331738e-02
7.267967e-03
-8.414716e-03
-1.826740e-02
-2.257248e-02
-7.505480e-02
-6.743091e-02
-5.059602e-02
7.756294e-02
1.084590e-03
-7.316262e-02
1.373471e-02
-2.181496e-02
-4.279326e-03
-1.221146e-02
-3.509095e-02
2.177045e-02
-2.082259e-02
-2.282273e-02
-1.698234e-02
1.670006e-02
-5.366311e-02
-2.937719e-02
1.919817e-02
2.290203e-02
-3.173618e-03
2.076404e-02
1.738954e-02
1.489743e-02
1.787967e-03
1.929931e-02
-3.735483e-03
-5.525099e-03
-2.084237e-02
7.152953e-02
-7.619984e-02
-3.654997e-02
-2.632919e-04
-5.079299e-03
-5.240924e-04
-2.290985e-02
-3.977958e-03
2.226945e-03
1.606851e-02
2.350512e-02
1.896453e-02
-1.511419e-02
2.346886e-02
2.226034e-02
-3.467809e-02
-2.037187e-02
-3.823365e-02
-2.181854e-02
2.001741e-02
3.272890e-03
4.669555e-02
-2.145201e-02
6.355783e-03
5.909046e-02
1.431263e-02
6.461544e-02
-1.814050e-02
-3.680635e-03
-1.686055e-02
-2.178838e-02
7.901268e-02
2.106420e-02
3.086134e-02
-1.567232e-02
1.576303e-02
-1.052919e-03
-8.591520e-04
1.822726e-02
4.696974e-03
1.670875e-02
-1.870451e-02
3.617418e-03
1.609662e-02
-2.749009e-04
1.984302e-02
1.432593e-02
2.559911e-02
-3.410712e-02
-2.551208e-02
5.716245e-03
6.845585e-02
-5.007398e-03
3.611575e-04
1.301019e-03
7.726798e-02
1.547055e-02
-5.715400e-04
2.027437e-02
-1.080965e-02
1.600729e-02
-4.398351e-02
7.103926e-02
-5.140944e-02
-7.824974e-02
-4.072345e-03
-2.111701e-02
2.425825e-03
2.329362e-02
-6.833856e-02
-7.631399e-02
-5.036256e-03
7.363090e-02
-1.540559e-02
2.138013e-02
-2.838625e-02
7.527974e-04
-4.571351e-02
5.592662e-02
4.532213e-03
7.917044e-02
2.327920e-02
-2.052989e-02
4.503108e-03
-5.941684e-02
2.208880e-02
-1.052384e-02
2.035100e-02
-1.971937e-02
-2.013950e-02
-4.735891e-03
1.816679e-02
3.505224e-02
3.876673e-03
7.026961e-02
1.487734e-02
2.074096e-02
-6.687065e-02
1.880217e-02
-4.780641e-03
7.645619e-02
2.595940e-02
-8.221685e-03
4.547951e-02
-3.552136e-02
-7.187048e-02
1.139104e-03
-1.924109e-02
-8.018000e-03
5.245635e-03
-2.446456e-02
-3.443618e-03
3.490344e-03
-2.172810e-03
-1.983752e-02
1.309909e-03
6.188509e-02
3.660088e-02
-3.445695e-02
1.023693e-03
-1.966169e-02
-2.377647e-04
-1.576720e-03
2.936140e-02
4.479767e-03
1.524663e-02
-1.480976e-02
2.283083e-02
-2.898427e-02
3.720045e-02
1.126137e-02
-2.079715e-02
-3.762336e-03
-1.279750e-03
-1.723327e-02
4.967938e-04
-2.053385e-03
1.750911e-02
-1.905296e-02
-2.145906e-02
-1.636071e-02
-7.490680e-02
1.568935e-02
-1.741902e-02
-2.103530e-02
-4.969990e-03
-3.577895e-03
3.820562e-02
-3.423647e-02
2.014070e-02
-1.389639e-03
-4.901816e-03
-1.544749e-02
2.376232e-02
5.252156e-03
-3.507255e-02
-1.623223e-02
7.327847e-03
1.460972e-02
-1.868328e-02
1.473431e-02
-3.244866e-03
2.030489e-03
-3.676526e-02
5.271258e-03
-2.451332e-02
4.453611e-03
-3.206146e-03
-1.879263e-02
-1.694169e-02
1.527892e-02
2.537059e-02
6.645662e-03
4.533827e-03
-1.107220e-02
-2.253798e-02
-1.726047e-02
-7.542963e-02
1.467702e-02
1.679614e-02
4.735708e-02
3.772416e-03
5.441509e-03
3.745638e-02
7.374464e-02
-1.776839e-02
1.720847e-02
4.323032e-02
1.374962e-03
1.659763e-02
3.586473e-02
-3.918808e-03
-6.943386e-02
-1.886923e-02
-1.394463e-02
-7.281531e-02
-2.336897e-02
-4.857928e-02
4.707151e-02
4.923114e-02
-4.129155e-03
-6.800442e-02
-2.318234e-03
1.729978e-02
-5.322701e-02
-2.500115e-02
-1.751391e-02
-4.443308e-03
-3.216892e-02
-3.546260e-02
1.698671e-02
1.252301e-02
1.067236e-03
-7.240651e-02
1.779278e-02
1.417713e-03
6.117002e-03
1.530014e-02
-4.581333e-02
1.434443e-02
4.604445e-02
-9.419082e-04
6.088399e-02
-5.797233e-05
3.583778e-02
-5.607777e-02
3.792207e-02
-1.505209e-03
1.245539e-03
-3.497615e-02
2.240794e-02
-3.199441e-02
-4.097429e-03
-1.883762e-02
-9.421684e-04
-5.993929e-02
-1.954605e-02
3.944860e-02
-6.720496e-02
1.839403e-03
-1.594340e-02
-3.475146e-02
-5.863687e-03
-5.564989e-02
6.538520e-02
-6.594172e-02
-5.357679e-02
-4.531243e-02
-7.343460e-02
3.956017e-02
1.937385e-02
-2.966980e-03
-3.648631e-03
3.877139e-03
1.009655e-03
3.841000e-03
-4.056711e-02
-8.824238e-04
1.025265e-03
3.241811e-02
2.237633e-02
1.464279e-02
-2.031713e-03
-2.694673e-02
2.335656e-02
7.882578e-02
-4.161948e-04
-6.211744e-02
5.015637e-02
-2.597714e-02
-1.948775e-03
2.198921e-02
1.735238e-02
-1.614391e-02
-2.428379e-02
-1.637709e-02
3.092643e-03
3.820686e-02
1.327750e-03
-7.290596e-02
-1.916429e-02
-6.250105e-02
2.173944e-02
-3.153158e-03
-1.478461e-02
-2.361731e-02
1.933759e-02
3.971667e-03
-4.251505e-02
2.474818e-02
2.103123e-02
-7.669300e-02
-1.487262e-02
-2.339856e-02
-5.874181e-02
1.259591e-02
-4.367190e-04
-5.854767e-03
2.005054e-04
1.257567e-03
-2.346331e-03
4.776031e-02
-2.121483e-02
1.468740e-03
2.398828e-02
-1.225737e-02
-1.625166e-02
-4.206618e-03
2.407600e-02
3.947202e-04
-3.511415e-03
-1.384973e-03
1.200632e-02
6.422078e-02
-3.705212e-03
8.621377e-03
4.887294e-03
-1.863090e-02
5.065129e-03
-1.208658e-02
7.083338e-02
5.545079e-02
1.840863e-02
-3.498971e-03
-5.025050e-04
5.044978e-02
-1.938964e-02
2.659789e-02
2.240643e-03
1.548298e-02
3.056806e-03
-3.456315e-03
3.126564e-04
-1.352883e-02
-2.347757e-02
-3.429411e-03
-1.053964e-03
1.571594e-02
1.821625e-02
-6.744297e-02
-1.823504e-02
-2.055558e-02
6.770657e-03
2.225311e-02
2.440685e-02
4.083190e-02
-5.870944e-02
5.010839e-02
1.910742e-02
3.892171e-02
3.243725e-03
1.928138e-02
4.014378e-02
-2.187485e-02
2.301198e-02
1.785964e-02
7.576184e-02
5.979665e-03
1.053868e-03
-1.076480e-02
1.466923e-03
-4.364890e-02
5.562356e-04
1.897919e-02
-3.996125e-02
4.309980e-02
7.453048e-02
-1.628825e-02
1.644863e-02
1.814509e-02
5.989843e-03
3.741751e-02
-3.253816e-02
-3.925497e-02
2.034807e-02
-1.749816e-02
-4.998210e-03
2.335516e-02
-1.659472e-02
-2.127090e-02
1.344887e-02
-2.253200e-02
3.897165e-03
2.198190e-02
6.041956e-03
-4.155914e-03
-1.975500e-02
-2.282843e-02
-5.986456e-02
2.338192e-02
-2.264223e-02
3.704778e-02
-5.103473e-03
-2.014393e-02
9.005187e-03
-3.634635e-02
-3.628634e-03
-4.119447e-03
2.221832e-03
5.416042e-03
3.879407e-02
-1.981835e-02
-3.054181e-02
-4.622151e-03
-2.050696e-02
-2.302590e-02
-2.717016e-03
-6.164292e-02
-4.591856e-02
-3.347792e-03
1.629775e-02
-3.428304e-04
5.505465e-02
-2.773757e-03
2.060735e-02
-2.114122e-02
3.915217e-02
3.238302e-03
1.795369e-02
-6.515569e-03
1.687390e-02
6.033441e-02
-1.723044e-02
4.101136e-03
-1.794038e-02
-3.217121e-03
-1.672143e-02
2.136799e-03
-2.624528e-02
1.166673e-03
1.016373e-03
-2.343944e-02
6.131874e-02
-4.917805e-02
3.520789e-03
-2.172900e-02
-8.148763e-03
-7.956734e-02
-2.773590e-03
-1.204485e-03
-3.372214e-02
1.984782e-02
3.941624e-02
-8.405604e-03
1.690880e-02
7.472049e-02
3.428947e-02
-1.641671e-02
3.872158e-03
-1.450252e-02
3.277821e-03
2.017413e-02
-2.275224e-02
-2.376672e-02
2.870214e-03
-2.589905e-03
1.473678e-02
-1.912031e-02
1.809941e-02
2.387651e-03
2.047851e-02
-4.301213e-02
-2.335476e-02
-2.296441e-02
-2.100204e-02
-6.079928e-02
-2.930991e-02
-2.445234e-03
-1.609027e-03
1.628218e-02
4.395941e-02
-1.151967e-03
2.570546e-02
-1.034419e-02
-2.405487e-02
-1.904457e-03
2.496859e-02
1.977381e-02
3.727204e-03
-2.663357e-02
2.120622e-02
-2.125854e-02
7.201700e-02
-2.526032e-02
-5.366681e-03
1.715840e-02
-3.071545e-03
1.520613e-02
-4.018056e-02
-1.988167e-02
-2.678115e-02
-5.726345e-02
6.022699e-02
3.923065e-03
2.751432e-02
1.236656e-03
3.450929e-02
7.057150e-04
-2.253294e-02
-2.373315e-03
-2.133523e-02
-1.342015e-02
-3.233556e-04
4.017380e-02
-1.424789e-02
8.847116e-04
-3.573407e-02
2.961996e-02
-1.812988e-02
-3.374032e-03
-1.744351e-03
-1.797823e-02
-4.466432e-02
6.489160e-03
1.836178e-02
3.101132e-03
-2.136649e-02
6.591052e-03
1.662548e-02
-1.304505e-02
-3.293147e-02
4.051163e-02
-1.765766e-02
1.206676e-03
-7.332339e-02
-1.630096e-02
-1.984653e-02
2.157485e-02
-4.889347e-02
2.021085e-02
-7.254195e-02
1.985904e-02
3.787034e-03
1.763938e-02
-4.301081e-03
3.782301e-02
1.638220e-02
-2.462752e-03
1.743154e-02
1.366869e-02
2.706381e-03
-1.947613e-02
-2.905937e-03
-1.759622e-02
1.948825e-02
-2.694586e-02
-1.519336e-02
-3.755237e-02
-1.685219e-02
-5.937870e-02
-1.437662e-02
8.210926e-03
-2.495895e-03
-1.788668e-02
-3.504349e-02
5.114897e-02
-2.186751e-02
-5.941517e-03
-8.299335e-03
2.089150e-02
2.855042e-03
6.052341e-03
7.833364e-02
5.801702e-03
-1.366397e-03
-5.489046e-02
-5.078430e-02
2.088732e-02
-1.629305e-02
2.337333e-02
3.468773e-02
-2.941875e-02
-4.779807e-02
-4.746324e-02
-8.357648e-03
1.854600e-02
-2.209374e-02
-5.669643e-02
4.291775e-02
-7.655171e-02
4.382477e-03
-1.966804e-02
-1.431491e-02
-4.677954e-03
-6.269061e-04
4.401644e-03
-8.295138e-03
6.658579e-02
-7.678990e-03
2.208110e-02
-2.944161e-03
-2.108131e-02
-4.479618e-03
2.144416e-04
5.357921e-03
5.273973e-03
1.901301e-02
5.662162e-04
2.780762e-03
-7.277586e-02
5.007574e-04
7.591180e-02
-7.675628e-02
-1.543329e-02
-2.375913e-02
1.801386e-02
-4.381108e-03
3.354962e-02
-2.006159e-02
-2.227410e-02
-1.725613e-03
-1.883786e-02
6.983382e-03
-1.712056e-02
-4.921025e-03
5.518959e-02
-5.163292e-03
6.262485e-02
-2.467013e-02
1.467669e-02
1.478781e-02
-4.623370e-03
2.016495e-02
-7.635575e-03
-5.950218e-03
-1.746730e-02
-1.753805e-02
1.720664e-02
-2.190670e-02
-1.780393e-02
-3.772669e-02
-7.360287e-02
-1.818387e-02
5.475273e-03
-1.629420e-03
-1.729834e-02
-1.879424e-02
-2.000696e-02
-3.959144e-02
-2.267224e-02
1.704551e-02
5.285629e-03
-2.302300e-02
-2.272561e-02
-1.901576e-02
-6.187752e-02
3.827873e-02
-4.388116e-03
-7.574101e-02
3.344450e-02
5.111067e-02
-1.557694e-03
2.298678e-03
2.215177e-03
-4.795587e-02
-3.230561e-02
-1.593829e-03
-1.813882e-02
-1.368920e-02
-5.117420e-03
2.859549e-02
-1.567271e-02
3.027356e-02
1.564987e-03
2.011699e-02
2.070856e-02
-1.661081e-04
-6.625351e-02
-7.394530e-02
-1.986595e-02
-4.309366e-02
-1.873714e-02
5.988796e-03
-2.045922e-02
2.305858e-02
3.083904e-03
-1.166818e-03
-1.729075e-02
1.903927e-02
-4.824308e-03
-3.236242e-02
1.108760e-03
2.814120e-02
-1.125306e-02
-2.151123e-02
2.030584e-02
3.633955e-04
-6.378565e-02
-3.834473e-02
-1.903411e-02
2.112478e-02
-1.558147e-02
-1.968066e-02
3.859328e-02
2.169228e-02
1.772211e-02
-2.505700e-02
-7.813196e-02
-1.146391e-02
-1.544067e-03
4.495055e-02
1.689257e-02
2.886644e-02
3.792606e-03
-2.098047e-02
-1.942108e-02
-3.598192e-03
-7.707541e-02
-1.458350e-02
-1.926093e-02
2.146572e-02
-1.443922e-02
-2.154451e-02
7.773031e-02
7.231359e-03
3.394987e-02
-1.667427e-02
6.350357e-02
3.112760e-03
-2.342203e-03
2.102742e-02
-8.963854e-04
-5.509059e-02
-4.777558e-03
1.037731e-03
-3.249415e-02
3.162966e-03
-1.929997e-02
5.920015e-02
-9.394262e-04
3.124113e-02
7.083331e-02
-4.493977e-03
-2.689456e-03
2.228229e-02
-5.623932e-02
-1.206745e-02
-8.694010e-04
4.176231e-02
-6.432591e-03
-2.735840e-02
1.589994e-02
-1.022303e-03
-2.396341e-02
2.186120e-02
-2.461352e-02
1.711068e-02
5.088973e-02
5.555485e-02
-2.473668e-02
-3.694467e-04
-6.640613e-02
-1.391908e-02
-1.399157e-03
-4.801350e-03
2.714054e-02
-6.707350e-02
2.076849e-03
-2.726003e-04
-2.059040e-02
2.791744e-02
-2.645433e-02
-2.843394e-02
-2.173422e-02
8.603894e-04
2.695023e-02
1.706507e-02
1.814269e-02
-2.445384e-02
-7.188647e-02
-1.397729e-02
-2.222961e-03
1.593250e-03
-1.476270e-03
-2.424617e-03
2.653308e-02
-1.386280e-02
1.445605e-02
1.104419e-02
-1.892510e-03
-7.946168e-02
-2.493562e-02
4.005137e-02
3.827395e-03
1.545590e-02
1.816412e-02
-3.496488e-02
3.800160e-02
-5.752274e-02
1.861869e-02
3.967914e-02
-6.036134e-02
1.019114e-03
-1.875204e-02
-1.316597e-02
6.158196e-03
-2.157760e-03
-5.050639e-03
-2.079646e-02
-1.123542e-03
3.239496e-03
1.955872e-02
-3.710651e-03
2.218154e-02
-3.524505e-02
-8.278645e-03
-5.903511e-02
1.556853e-03
7.163280e-02
-6.498782e-03
1.652841e-02
5.454139e-03
1.632296e-02
-1.780400e-02
3.529400e-02
2.023100e-02
-1.694129e-02
1.725839e-02
-1.923003e-03
-3.336034e-02
7.000435e-03
-5.608056e-03
2.224019e-02
-2.916958e-03
-1.667273e-02
5.564170e-03
-7.168211e-03
-7.402110e-02
-1.688750e-02
1.727827e-02
2.656600e-02
1.939440e-03
-7.061346e-02
-6.374132e-02
-1.374567e-02
2.160984e-02
-6.120084e-02
2.157749e-02
5.315435e-03
7.311395e-02
1.640731e-02
1.582809e-03
1.912454e-02
3.727785e-03
-6.937538e-02
-5.572463e-02
-6.269987e-03
-5.352183e-03
1.859455e-02
-1.662351e-02
1.566424e-02
-5.238748e-03
-2.084866e-02
-3.329048e-02
-1.885248e-02
-1.725164e-02
-1.712432e-02
2.106035e-02
3.687530e-02
2.258695e-02
1.158538e-04
1.262748e-02
-1.625152e-02
-1.727513e-02
6.406960e-02
-6.178924e-04
-1.434185e-02
-1.620489e-02
-1.627092e-02
-1.644161e-02
-1.486373e-02
2.226658e-02
-6.186236e-02
-1.970304e-02
1.612666e-02
-3.131385e-03
7.133264e-04
6.726222e-02
-8.510132e-03
1.875196e-02
-2.174438e-02
2.314379e-02
-2.468121e-03
2.017346e-02
-3.853767e-02
-6.576114e-02
-3.081662e-02
-3.163389e-02
1.797886e-02
3.204713e-02
-1.908464e-02
5.742479e-02
1.556704e-02
-5.369340e-02
3.410797e-03
-1.916929e-02
-5.715785e-03
-8.959807e-04
-6.123287e-02
-1.119860e-03
-2.449375e-02
2.566599e-03
2.211602e-02
6.382549e-02
-3.932076e-03
-1.635619e-02
1.541317e-02
1.429967e-02
7.521445e-04
1.670598e-02
-6.403046e-03
-7.457259e-02
1.380002e-03
7.664979e-02
2.610625e-02
1.364868e-02
4.095157e-03
5.468212e-02
-1.997349e-02
-1.952037e-03
2.671253e-02
-1.653527e-02
-6.446363e-02
3.632671e-02
-2.910239e-03
-4.942702e-03
3.283866e-02
-7.995971e-04
1.607257e-02
5.826863e-03
1.878578e-02
-1.653141e-02
5.558490e-02
-1.630509e-02
-2.032528e-02
2.366261e-02
-4.664896e-03
-3.989804e-02
2.483753e-02
-4.108302e-02
-6.195586e-02
-5.193371e-03
7.874787e-02
2.280614e-02
-7.090993e-04
2.318539e-02
-1.761899e-03
5.895370e-02
-1.811064e-02
-6.453617e-03
1.495227e-02
-3.594238e-02
-1.420937e-02
6.030854e-02
-1.121484e-03
-5.963053e-03
7.568230e-02
-2.045325e-02
-4.111633e-03
-1.677008e-02
1.751323e-02
-5.697755e-02
1.912330e-03
-5.838743e-02
-1.619951e-02
4.020863e-02
-6.548195e-04
-1.576430e-02
1.754504e-02
1.642893e-02
-4.626588e-02
1.814495e-03
-6.339446e-02
6.740905e-02
2.355142e-02
-1.986844e-03
3.201638e-02
1.407786e-02
-3.283893e-02
5.073119e-03
-2.145857e-02
-7.005407e-04
-2.653479e-02
3.693633e-02
-3.866942e-02
-3.635269e-02
6.422310e-02
-5.787045e-03
6.586578e-02
5.592078e-03
-3.154744e-02
1.757305e-02
-1.858349e-02
-3.995574e-03
-4.982160e-03
2.326389e-02
6.986363e-03
-1.569959e-02
1.701801e-02
5.913869e-04
-1.294276e-02
-4.249934e-02
-7.728610e-02
2.016466e-02
-1.723507e-02
-7.586858e-02
3.245103e-02
6.156404e-02
-3.462806e-02
-5.306411e-03
-2.087160e-02
-1.321639e-02
3.619835e-02
4.484911e-02
-1.658289e-02
-3.921658e-02
-8.737426e-04
5.257623e-02
-4.521563e-03
-6.846763e-02
1.780984e-02
2.304211e-02
6.458549e-02
-1.622455e-02
-1.290979e-04
-2.000433e-02
-9.793203e-04
-4.461923e-02
-3.442510e-02
-1.063938e-02
1.725152e-02
2.135871e-02
-1.466390e-03
1.916308e-02
1.374042e-02
1.338774e-03
-3.083738e-03
1.975612e-02
2.291669e-02
2.263588e-02
8.868396e-05
-1.926743e-02
2.052597e-02
-1.689574e-02
-3.319054e-02
-2.728135e-02
-2.773634e-03
3.855909e-02
2.486797e-02
-1.486047e-02
-4.112792e-02
2.123453e-02
-7.383429e-03
-1.667353e-03
2.126620e-02
2.237225e-02
-2.141396e-02
-1.876003e-02
1.398844e-02
-7.689130e-04
-5.853717e-02
2.111006e-02
-2.401486e-02
1.697438e-02
-2.062610e-02
-1.450789e-02
-1.880587e-02
-7.284794e-03
-3.869987e-04
3.180985e-03
1.728874e-02
-4.637297e-03
2.859912e-03
-1.968372e-02
-1.396815e-02
9.938221e-04
-2.160832e-02
2.643812e-03
-2.807206e-03
-1.724517e-02
-3.571701e-02
2.116406e-02
-7.969868e-02
1.457602e-02
6.568423e-02
2.863601e-03
1.276014e-02
-1.452966e-02
-2.009869e-02
-1.953261e-02
-4.435929e-02
-1.629335e-03
4.021287e-04
1.818567e-02
3.958763e-03
-2.673004e-03
1.111642e-03
-1.301814e-02
-1.524885e-02
-1.509016e-02
-3.052428e-02
-7.460346e-02
-1.393163e-02
5.604977e-03
2.133967e-02
-3.525671e-02
-5.732435e-03
-1.571158e-03
-4.535935e-02
-1.359078e-03
-1.847769e-02
-1.781992e-02
1.973851e-02
1.958139e-02
2.338143e-02
-2.331340e-02
2.325983e-02
1.986962e-02
3.930613e-03
1.054082e-04
-1.584109e-02
-6.156223e-03
7.769485e-03
-2.203635e-03
7.415942e-04
3.044395e-02
4.097935e-04
2.058950e-03
-5.968568e-02
-6.413376e-03
-1.617375e-02
-7.872734e-02
-5.401819e-03
-2.312469e-03
-6.221625e-02
-2.484514e-03
1.889119e-02
-3.552669e-02
-1.882084e-02
1.845706e-02
1.413661e-02
2.225226e-02
3.215784e-04
-7.628413e-02
6.722846e-04
2.019860e-02
1.453338e-02
1.587420e-02
1.451896e-02
5.921044e-02
-5.009688e-02
-2.626110e-03
1.886336e-02
-2.148779e-02
3.530166e-03
-4.759016e-02
-6.717058e-02
3.917429e-03
1.966076e-03
3.028308e-02
-4.023974e-02
1.711624e-02
-7.606128e-02
-1.540046e-02
-2.203127e-02
-1.795404e-02
-4.614338e-02
-7.211294e-02
1.637902e-02
1.578145e-02
9.584967e-04
1.656666e-02
-2.460503e-02
1.219717e-02
-5.106773e-03
-1.743306e-02
-5.175048e-04
4.992405e-03
-4.732398e-02
2.345159e-02
1.998472e-02
-1.844759e-02
-1.256966e-02
-1.287322e-02
1.497602e-03
-6.205662e-02
-2.113780e-02
-4.107180e-03
-5.599992e-02
1.564332e-02
6.061610e-02
-3.654835e-04
5.966225e-02
2.002880e-02
-9.429651e-04
-1.662976e-03
-3.981690e-02
1.913916e-03
-1.833075e-02
2.725836e-03
-2.003007e-02
2.910226e-03
-1.772068e-02
-3.641719e-02
1.437003e-02
1.298601e-03
1.398369e-02
-1.159600e-03
-1.753125e-02
-6.421909e-02
-7.417508e-02
-1.897633e-02
-2.111456e-03
-1.722625e-02
-1.623638e-02
-1.715949e-02
-1.253635e-02
-5.793838e-04
-1.977506e-03
7.781356e-02
-7.333355e-02
-1.798248e-02
1.755614e-03
-3.883163e-03
-3.289977e-03
-1.762073e-02
-7.248645e-02
-2.976882e-02
5.954282e-02
-5.094756e-03
-2.039834e-02
-2.031544e-02
1.345450e-02
-1.663566e-02
1.731651e-02
2.588589e-02
1.669115e-02
-1.874953e-02
1.926281e-03
-4.035130e-02
1.614455e-02
-6.136138e-02
5.188765e-02
-4.676247e-04
2.134179e-02
1.546081e-02
-7.472252e-02
4.779416e-02
8.340951e-04
-1.325570e-03
2.117254e-02
1.622237e-02
-1.349740e-03
-6.799926e-02
3.345628e-03
-1.522459e-03
4.273885e-03
2.324794e-02
-2.001626e-02
7.695464e-04
-2.238717e-02
1.704029e-03
1.472443e-02
2.079418e-02
-1.845359e-03
-4.397483e-02
-1.845276e-02
3.202573e-02
-1.283393e-02
-2.323127e-02
-5.232741e-03
-6.108045e-02
-7.660345e-04
4.157418e-03
6.514709e-02
1.856753e-02
1.902269e-02
-5.690169e-02
5.466037e-03
-3.125214e-03
-8.002365e-04
-1.876876e-02
-1.624748e-02
-1.442261e-02
2.068966e-02
-3.458413e-03
5.323729e-03
-1.117632e-02
-3.546527e-02
-4.601119e-03
1.692722e-02
2.510112e-02
1.184177e-02
5.458624e-03
4.807621e-02
2.038629e-02
-1.465780e-02
-5.963222e-02
-2.501291e-02
1.482931e-02
2.337847e-02
-3.211602e-03
-1.582128e-02
1.546354e-02
3.815390e-02
7.407560e-02
2.767426e-03
4.356084e-03
3.748421e-03
-1.183590e-03
3.331682e-04
1.647087e-02
4.446107e-03
5.287215e-03
-2.132566e-02
-1.541633e-02
-8.140332e-04
1.555443e-02
2.112628e-02
-3.074313e-04
-4.015998e-02
6.889688e-02
-2.179713e-02
1.255001e-02
-5.882242e-03
1.988932e-03
2.794524e-03
-3.859825e-02
-4.779531e-02
1.207853e-02
3.450670e-02
3.280352e-02
-7.380480e-02
4.850459e-02
1.467413e-02
-5.144477e-03
-3.998344e-03
8.443120e-04
-6.163423e-02
-4.138088e-02
1.893683e-03
-1.547555e-02
1.729886e-02
-9.986008e-04
7.293783e-02
-2.332351e-02
-5.162065e-03
-1.103210e-04
7.375546e-02
-1.236164e-02
2.334457e-03
1.699289e-02
1.199157e-03
-1.906132e-02
3.647057e-03
1.485915e-02
-6.797682e-05
-7.412926e-03
1.953815e-04
-1.487534e-02
-1.991754e-02
-1.682992e-02
1.413979e-02
4.862835e-03
1.490191e-03
3.486575e-02
1.676230e-02
2.761668e-03
1.823477e-02
-5.003474e-04
5.953914e-02
1.776185e-02
-6.042209e-02
1.598540e-02
1.962095e-03
1.902662e-03
5.635229e-02
-5.463747e-02
-1.675154e-02
-2.048041e-02
1.189135e-04
1.289880e-02
-6.367806e-02
1.867840e-04
4.891352e-03
-1.590567e-02
-1.889188e-02
-1.835250e-02
5.340000e-02
-1.831339e-02
2.308882e-03
2.979962e-03
2.356505e-02
-4.330502e-02
3.014154e-04
-2.391446e-04
3.061740e-02
1.687938e-02
3.559040e-02
-6.241264e-02
-1.893073e-03
-2.294843e-02
-1.382806e-02
2.711234e-03
-1.919753e-02
-2.004719e-02
-3.985615e-03
-2.468887e-02
2.743187e-02
1.760492e-03
-2.480199e-03
2.141764e-03
-2.229449e-03
5.990271e-02
-3.278811e-02
-1.188129e-03
-4.927246e-03
-2.611411e-02
1.592079e-02
-1.450185e-02
-7.527486e-03
6.317615e-02
2.582437e-02
4.742217e-02
-4.006330e-02
-1.866406e-02
8.829086e-03
-7.329103e-04
-6.910870e-03
-3.718471e-03
-2.024374e-02
1.139952e-02
2.576242e-04
-1.462023e-02
1.671489e-02
-2.425731e-02
-4.632772e-04
2.829412e-02
2.125717e-03
-1.233177e-02
2.246330e-03
-3.613291e-02
-3.108282e-03
-2.032156e-02
6.606116e-02
1.694061e-02
4.455141e-02
-2.220835e-03
-2.019545e-02
2.158622e-02
1.629822e-02
1.345733e-02
-1.884962e-02
5.192380e-04
2.476178e-03
-1.862820e-02
-2.348154e-02
-1.235272e-02
-4.141407e-03
2.161294e-02
6.340132e-02
-3.821974e-03
6.447376e-02
4.713307e-02
1.947342e-02
-2.044737e-03
6.075805e-02
-5.821379e-03
-7.754433e-02
1.126258e-03
-3.968238e-02
5.588508e-03
-2.079482e-03
-2.544233e-02
1.773132e-02
2.337559e-02
-6.119115e-03
1.629577e-02
-2.046442e-02
-2.078232e-02
-3.426496e-02
-1.089044e-02
3.709801e-02
7.925328e-02
1.165322e-03
-2.275914e-02
1.237570e-03
2.259775e-02
-1.845486e-02
-1.353918e-02
1.988897e-02
-3.291712e-03
-1.579555e-02
1.187040e-02
-6.278495e-02
2.038148e-02
6.867100e-02
-2.437588e-03
3.368694e-02
-1.538751e-02
3.763328e-02
1.926365e-03
5.941448e-02
3.649285e-02
6.404383e-02
-9.110032e-03
-1.834600e-04
1.329412e-02
-3.758082e-03
3.808660e-02
-1.316938e-04
-1.638663e-02
-2.066187e-03
-1.579193e-03
4.102295e-02
-1.379091e-03
-3.051015e-03
-2.109666e-02
3.519117e-03
5.461665e-03
-1.704942e-02
4.664089e-03
-2.303005e-02
3.725792e-02
-1.373559e-02
5.788277e-02
1.579862e-02
-1.225513e-02
5.176289e-04
-3.818536e-02
-1.062252e-05
-7.997565e-02
-7.707393e-02
-1.582330e-02
-1.783767e-02
6.698847e-03
1.781824e-02
-1.447873e-02
2.326325e-02
-1.929829e-02
7.690626e-02
5.097038e-02
1.525607e-02
-4.496331e-04
2.150523e-02
1.393926e-02
-1.180376e-02
1.282453e-03
3.018198e-02
-7.255702e-02
7.993440e-02
3.148047e-03
1.130472e-03
7.200421e-03
-1.491311e-02
-3.990692e-03
-3.857097e-03
-2.831791e-02
-4.767253e-03
-2.796559e-03
2.356811e-02
1.984841e-02
1.395857e-02
6.949779e-03
1.614792e-02
2.163410e-02
-2.227028e-02
1.785963e-02
-2.855246e-03
-2.252343e-02
3.063282e-04
7.842583e-02
-1.738461e-02
2.028170e-02
-5.778916e-02
1.517816e-02
1.203959e-02
1.880390e-03
-3.858649e-03
-7.465078e-02
-3.037079e-03
-5.368215e-02
2.729963e-02
-2.042699e-02
1.935194e-02
-1.228668e-02
4.053584e-02
2.281453e-02
2.945962e-03
-4.000455e-02
-5.745898e-02
-1.209366e-03
-1.558432e-02
-2.552903e-04
1.788130e-02
4.273259e-02
-4.176234e-03
1.233164e-03
3.156655e-04
-1.244306e-03
-1.541630e-03
-1.323657e-02
2.717596e-03
1.549732e-02
-7.115585e-02
-2.066419e-02
-6.459185e-02
1.307525e-03
1.281031e-02
-1.772256e-02
-1.317024e-03
2.923602e-03
-1.327822e-02
-2.105506e-02
-1.019537e-03
2.464737e-03
1.775941e-02
-2.122613e-02
6.932398e-04
4.595423e-02
-1.305116e-03
-4.761792e-03
2.959446e-04
-1.630650e-02
-4.929629e-03
-6.887772e-02
2.938184e-02
-1.635021e-02
-3.093760e-05
1.502081e-02
-5.928664e-02
1.332874e-02
-2.248618e-02
-1.669217e-02
-6.182145e-03
-3.074852e-02
1.978204e-02
3.590832e-04
4.126349e-02
-3.568826e-03
-2.288506e-03
-4.802379e-02
-2.679180e-03
-3.925245e-02
2.997386e-03
4.807920e-03
-5.333204e-03
-2.589435e-02
2.911289e-02
-1.865105e-02
-1.953665e-02
-4.066477e-02
2.120031e-02
-3.690533e-02
2.108572e-02
1.104543e-03
2.517405e-03
2.442432e-02
9.134753e-04
-2.330016e-02
1.654193e-02
1.116269e-02
-1.810243e-02
-2.404891e-02
-7.218138e-02
-2.215179e-03
-5.497115e-02
-1.805764e-02
3.346692e-02
-7.854177e-02
4.549158e-02
-1.401484e-02
-2.450939e-02
2.157015e-02
3.507823e-02
1.363538e-02
-1.855991e-02
1.534914e-02
-2.055607e-02
2.150686e-02
5.994888e-03
-2.526277e-02
-2.051757e-02
3.332611e-02
3.843634e-03
6.115955e-02
-5.015576e-02
-3.059839e-04
-3.675183e-04
-4.803092e-02
4.480928e-02
-3.638361e-02
1.602911e-02
4.261930e-02
-7.892886e-02
-1.545698e-02
7.805718e-02
4.950310e-03
1.667391e-04
5.643910e-02
2.953522e-03
-6.274965e-02
2.548731e-02
1.960647e-02
-7.324744e-02
2.654552e-02
-2.286051e-02
-2.124669e-02
-2.025102e-02
1.396332e-03
2.508699e-02
4.536561e-03
-2.335259e-02
-2.045059e-02
4.472212e-02
-7.360606e-02
-2.650742e-02
-4.594890e-04
-2.073286e-04
-1.650773e-02
4.516599e-03
-2.331440e-02
1.816146e-03
1.725990e-02
2.247383e-02
2.053308e-03
-4.155960e-04
1.807573e-02
-2.281077e-05
-1.922377e-02
3.247623e-03
7.607348e-04
-2.431178e-02
6.710374e-03
-7.958084e-02
-4.487998e-03
-1.406371e-02
1.234011e-02
2.317146e-02
1.120953e-02
2.045448e-02
1.860751e-02
-1.478401e-02
-1.877470e-02
7.270347e-02
4.097046e-02
5.855993e-02
-1.506808e-04
3.289113e-03
-2.710843e-04
4.712857e-02
-2.011095e-03
-4.756276e-03
1.707358e-02
1.581157e-02
3.026664e-02
-7.430780e-03
4.773629e-02
3.332961e-02
4.855121e-02
-2.450800e-02
2.018993e-02
-3.819721e-03
2.395378e-03
-5.313104e-02
5.716385e-02
1.672634e-02
6.231035e-03
-3.504269e-02
2.063135e-02
-1.839719e-02
-7.597213e-04
-2.830435e-03
2.778470e-02
-5.902223e-03
-1.934690e-02
7.859807e-04
-4.249016e-02
-5.616734e-03
-7.588114e-03
-2.288677e-02
3.205826e-02
2.231008e-02
4.698739e-03
1.599703e-02
-2.856888e-03
1.921189e-02
-1.359711e-03
-2.731195e-03
-4.923933e-03
1.699259e-02
-2.474067e-02
1.746298e-02
-6.875312e-02
2.534733e-02
4.701418e-03
-1.659255e-02
6.991631e-03
-2.354884e-03
-9.852402e-05
-2.223310e-02
2.069391e-03
1.448338e-02
5.979594e-03
-2.178493e-02
2.760648e-02
-2.462671e-02
-1.525470e-02
-1.575707e-02
-1.382697e-02
-4.229485e-03
-2.322680e-02
5.740117e-04
2.735889e-02
1.790428e-02
-2.610810e-02
6.927916e-02
6.715437e-04
1.947057e-03
2.205089e-02
-4.857034e-03
-2.371999e-02
-4.213359e-03
-4.481089e-02
2.140596e-04
-6.010924e-02
7.043297e-02
2.943963e-02
-2.119441e-03
2.240718e-03
1.524920e-02
-3.552967e-02
1.669069e-02
-1.630146e-02
-6.708032e-02
-6.020507e-02
1.712741e-03
-2.088622e-02
-4.999595e-02
-2.666541e-03
-2.950352e-03
-2.947179e-02
-2.127840e-02
-1.703455e-02
2.418541e-02
2.377896e-02
-9.297621e-04
5.838961e-02
-3.831018e-02
1.575356e-02
-3.073622e-02
-4.059389e-02
2.250919e-02
-1.448152e-02
2.220797e-02
-1.612758e-02
2.182769e-02
3.842878e-02
-2.239504e-02
3.588419e-02
2.944124e-03
5.387661e-03
-8.119592e-04
3.345474e-03
3.886831e-03
-5.729965e-02
4.837608e-03
5.677028e-02
2.480971e-02
1.362051e-02
3.148076e-03
-1.229733e-03
4.730596e-04
-2.079158e-02
3.272207e-02
-4.988647e-03
-1.493762e-02
-2.552858e-02
6.649844e-02
4.129451e-02
-2.073585e-02
-1.973847e-02
7.746990e-04
-3.456435e-02
7.603265e-02
-7.352509e-03
6.150908e-03
-2.372492e-04
1.146844e-03
-1.936620e-02
1.736650e-02
5.034378e-03
1.429594e-02
-1.482431e-03
1.733825e-02
6.848108e-03
2.081644e-02
6.410311e-02
-3.329491e-02
3.585723e-02
1.024206e-03
1.152651e-03
1.626447e-02
-9.649079e-05
4.495029e-02
-5.458528e-02
-6.622979e-03
2.445818e-02
1.863061e-02
-1.807177e-02
6.031800e-04
3.634148e-02
-7.458754e-02
3.685068e-03
-1.646477e-02
-2.760458e-02
-3.716696e-02
-5.351656e-02
-1.588963e-02
3.906880e-02
1.816795e-02
1.491165e-02
4.028525e-03
1.521736e-02
4.245293e-03
-2.718449e-03
-1.762440e-02
-1.755847e-03
1.349223e-02
1.751252e-02
1.351932e-03
8.609781e-04
1.333846e-02
1.483049e-02
1.684843e-02
-1.856255e-02
3.599033e-02
1.538307e-02
-7.152151e-04
-3.083376e-02
-3.480742e-02
6.533252e-02
-3.316486e-02
-2.042988e-02
-4.800434e-03
1.729028e-02
2.205380e-02
-6.286690e-02
5.834985e-03
7.717355e-04
2.262491e-03
-5.885081e-02
-1.874637e-02
7.375515e-04
-1.124861e-03
1.397381e-03
-1.542128e-03
-1.343182e-03
-6.368151e-03
-1.796223e-02
4.240334e-03
1.677058e-02
2.242847e-02
2.747744e-03
-6.301814e-02
-6.364649e-02
3.818199e-02
2.224247e-02
6.440076e-02
2.225280e-02
-1.880327e-02
-5.717756e-02
2.190953e-02
-7.561883e-02
2.536955e-02
2.087594e-02
-3.003653e-02
-4.500082e-03
-3.519023e-02
1.384598e-02
7.957846e-02
-2.098642e-03
-1.530186e-02
-1.903754e-03
1.534997e-02
1.268268e-02
-1.258683e-02
-2.087739e-02
-3.188363e-03
-2.350375e-02
-3.859189e-03
1.328417e-02
3.151044e-02
-1.617447e-02
-6.223090e-02
-1.307373e-02
-1.674547e-02
-1.400073e-02
-2.037312e-02
4.796755e-03
-6.906529e-03
4.486948e-03
-5.956543e-04
-5.613755e-02
5.996085e-02
1.989742e-02
-3.177051e-03
-1.327406e-02
-7.101948e-02
1.261967e-03
8.893421e-04
1.305134e-03
-1.023043e-05
6.521019e-04
-5.193142e-03
2.176353e-02
2.048722e-02
-2.576802e-02
5.185235e-03
2.048794e-02
-1.656844e-02
-2.322243e-03
-2.224487e-04
6.189577e-02
3.441434e-03
-5.542963e-03
3.914529e-02
5.315205e-03
-3.454231e-02
-7.504135e-02
-2.483788e-03
-2.524522e-04
-7.203192e-04
-4.498256e-02
-1.528710e-04
3.699779e-02
-6.502230e-05
1.337166e-02
1.765379e-02
-1.640313e-02
3.435521e-04
5.098713e-02
-2.643662e-02
-9.546380e-05
-2.175361e-02
1.916000e-02
1.482261e-02
1.704990e-03
1.762812e-02
-7.027549e-02
2.422477e-03
-5.639333e-04
9.060346e-04
7.149498e-02
-1.584081e-02
1.368545e-02
1.872055e-02
-2.542307e-02
-3.910648e-02
-1.573119e-02
-5.635724e-03
-3.151080e-02
5.672139e-03
-3.685617e-02
2.637458e-03
5.870712e-02
5.944226e-03
4.519924e-02
7.700337e-04
-1.679631e-02
1.798038e-02
1.767071e-02
-1.755657e-02
-8.626808e-03
-3.278761e-02
-1.499005e-03
-1.412283e-02
5.218487e-02
-6.578497e-03
1.948705e-02
1.421198e-02
1.859689e-03
-7.458377e-04
-2.588468e-03
1.067504e-03
-1.799083e-03
7.398037e-02
1.212026e-02
-6.265348e-03
3.225696e-03
4.566530e-02
-2.213274e-02
1.734519e-02
4.225626e-02
-3.130725e-02
-2.766386e-03
-4.655689e-02
-3.343196e-03
3.467748e-03
-2.727495e-03
2.081883e-02
5.655805e-02
2.214316e-02
1.962595e-02
-2.353396e-02
7.670833e-03
-1.495462e-02
4.658178e-02
1.704912e-02
-7.774478e-04
-1.030909e-03
3.989208e-02
-2.158190e-02
-2.398240e-02
1.862663e-02
-5.850657e-02
1.200894e-02
2.372882e-02
2.420895e-03
-2.206502e-04
-2.201838e-03
2.692661e-03
1.446255e-02
-1.184798e-03
1.164622e-03
2.278018e-02
1.967103e-03
7.658751e-02
-1.918243e-02
6.958320e-03
3.760576e-02
-3.226325e-03
5.336055e-03
-7.410037e-02
6.227809e-03
-2.314487e-02
-2.184825e-02
1.216804e-02
-2.223951e-03
-4.619156e-02
1.625376e-02
3.576806e-02
-4.211412e-03
-1.608741e-03
1.730370e-02
-5.693168e-02
-7.561389e-02
2.535086e-02
-1.588803e-02
-5.388051e-03
-6.862540e-02
-3.993183e-02
-5.896082e-04
6.462223e-02
-7.078344e-02
2.418958e-02
6.727073e-02
2.296735e-03
1.298689e-02
-1.473735e-02
6.896447e-02
2.061365e-02
-4.838745e-03
-2.600596e-02
1.979292e-02
-5.495429e-02
-1.253816e-02
-2.195741e-02
-6.202027e-02
-6.814395e-03
6.875559e-02
1.294264e-02
7.226403e-04
3.239716e-03
4.955868e-03
2.401917e-02
-1.619862e-02
-4.711099e-02
-2.330447e-02
-1.765698e-02
-5.527133e-02
-3.491524e-02
-3.847300e-02
7.714604e-03
2.118016e-02
1.801523e-02
-9.127823e-03
5.131223e-03
-6.880082e-02
1.892402e-02
-4.190681e-02
-3.863024e-02
-1.667645e-02
3.284089e-02
1.788955e-02
1.250545e-03
4.464709e-02
1.995550e-02
2.214286e-02
-7.702586e-02
1.706223e-02
1.010573e-04
-2.652692e-02
4.679522e-03
2.118651e-02
7.419408e-04
-1.870424e-03
-3.725040e-02
-1.560392e-02
7.936984e-02
-3.048848e-02
2.338175e-02
4.921837e-03
3.334041e-02
-3.938418e-02
2.025925e-02
8.666110e-03
7.691725e-04
-2.465394e-02
-1.441887e-04
7.814835e-02
5.181979e-02
-2.119801e-02
3.388605e-02
-7.598606e-04
2.200196e-02
1.333632e-02
-1.960383e-02
1.713415e-02
7.217496e-02
-1.538048e-03
1.428366e-02
-1.363717e-02
-1.276317e-02
-7.165670e-02
-1.632388e-02
1.871917e-02
1.745722e-02
1.771300e-02
-8.684054e-03
-1.297687e-02
2.176171e-02
-3.269516e-03
1.775041e-02
1.457238e-02
5.271133e-02
2.087882e-02
5.299999e-04
-5.626317e-02
-2.755000e-04
1.017595e-03
-3.088229e-03
1.941066e-02
4.637674e-02
-1.861888e-02
-5.098376e-02
-3.382810e-03
-1.241859e-02
3.780134e-02
-1.307645e-02
-2.299505e-02
3.262706e-03
2.923809e-02
-1.327256e-03
-4.594025e-02
1.751701e-02
-1.486303e-02
2.397517e-02
2.281037e-02
2.115177e-03
2.262009e-03
1.123775e-02
-4.933567e-03
-5.105714e-03
-1.959940e-02
-9.887522e-04
1.595296e-02
2.004020e-02
-4.290052e-02
-6.376818e-03
2.199550e-02
-1.996117e-02
-2.303791e-02
-1.429060e-02
-2.910713e-02
-1.805680e-02
-1.480919e-03
1.367241e-02
-2.427072e-02
-1.644803e-02
-7.705231e-02
-5.046202e-02
-5.802661e-02
3.680597e-02
-1.279857e-03
-1.739641e-02
-4.816322e-03
-1.359576e-03
-2.468350e-03
-3.227297e-02
2.225369e-03
3.439637e-03
1.968606e-02
6.645456e-02
7.915842e-02
-1.894833e-02
1.961774e-02
-1.595217e-02
6.412923e-02
-1.854701e-02
1.643404e-02
-2.603459e-02
1.042611e-03
7.947885e-02
-1.489716e-02
3.898494e-02
5.680779e-02
6.172482e-03
-7.386776e-03
3.477907e-03
2.821269e-02
-5.919705e-03
-6.122073e-04
2.015305e-02
-1.999039e-02
7.609747e-02
4.647888e-03
3.688070e-03
-4.845176e-02
-2.972180e-02
-5.802601e-02
-4.429848e-02
-1.835283e-02
-9.672090e-05
-7.970661e-02
4.707431e-03
1.735205e-02
1.828759e-03
1.922495e-02
1.725435e-02
-7.793553e-02
-1.667868e-02
6.583337e-02
-1.918861e-02
2.029442e-02
-5.684584e-02
1.748158e-02
1.146959e-02
1.477522e-02
2.827737e-03
2.149607e-02
1.596647e-03
1.952149e-02
2.928421e-02
-1.072899e-02
-3.238812e-02
-7.998160e-02
-2.083528e-02
1.335290e-02
-6.431777e-02
-6.987509e-02
3.903707e-03
-1.120752e-02
-2.089000e-02
1.583489e-03
-4.640750e-02
2.309604e-02
7.377552e-02
-4.868270e-02
-1.444403e-03
-2.020075e-02
-1.776974e-02
-1.556349e-02
1.719838e-02
-2.083263e-02
1.567605e-02
5.117377e-02
-7.216170e-04
6.691987e-03
-2.852172e-04
-1.961382e-02
2.530622e-03
4.069993e-02
-4.583079e-03
-1.738405e-02
-4.817260e-02
1.395248e-02
-2.846940e-03
-1.913644e-02
4.866918e-02
7.629784e-02
1.451258e-03
-1.889137e-02
-4.016860e-02
4.548261e-03
3.941355e-04
-1.487507e-03
2.287853e-02
-5.633544e-03
-2.292085e-02
-3.923236e-02
-5.635798e-03
5.076615e-02
-1.722518e-02
2.160009e-02
3.341608e-03
-9.391554e-04
-1.921964e-02
4.896302e-03
-1.117859e-03
2.273822e-02
1.460568e-02
-2.005493e-02
4.939002e-03
3.619050e-02
-4.092428e-03
-3.418054e-02
1.383816e-02
-4.143342e-03
6.383828e-03
1.875069e-03
-3.320106e-03
-2.434402e-02
-1.523828e-03
1.859318e-04
-2.085781e-02
1.938958e-03
2.443376e-02
1.174321e-02
1.819478e-02
-4.361664e-02
-1.952728e-02
1.924077e-02
-4.453930e-04
2.210562e-02
-2.110417e-02
4.593141e-02
-2.428029e-02
2.259529e-02
7.687382e-02
-1.761251e-02
1.551321e-02
-1.284041e-02
-3.881674e-05
-2.991384e-03
4.541766e-02
-7.864430e-02
-4.100370e-04
-6.938790e-02
2.405524e-02
-6.043624e-03
5.741073e-02
-3.597276e-02
5.373315e-03
2.646005e-03
-1.211740e-03
2.300175e-02
1.754284e-02
6.060090e-02
7.545501e-02
-2.469921e-02
-1.239394e-02
-7.574096e-03
-1.046925e-02
3.095252e-02
3.759183e-03
1.932419e-03
4.000028e-03
-1.438601e-02
-2.561655e-02
1.913369e-02
7.484805e-02
2.193069e-02
-1.543110e-02
2.878921e-03
-1.771924e-02
-1.467494e-02
-3.548832e-02
5.808188e-02
2.894792e-03
3.903963e-03
7.000669e-02
-6.595130e-02
1.219188e-03
-5.372610e-03
1.751315e-02
-3.677689e-03
-8.897742e-03
5.399818e-02
5.661075e-02
-1.812365e-02
1.412432e-02
-4.028731e-03
5.504735e-02
-3.547928e-03
1.831788e-02
1.687038e-02
-4.584657e-02
1.895199e-02
1.807850e-02
3.777373e-02
-3.672893e-03
-3.664223e-02
1.869914e-03
-2.084578e-02
2.518475e-02
-7.682233e-04
3.995481e-02
3.530430e-02
-1.439242e-02
-1.952850e-02
6.552561e-02
-3.537193e-02
5.718694e-04
-1.881358e-02
4.348590e-03
-2.297484e-02
-1.983574e-02
-5.805430e-02
-3.238409e-03
-5.581772e-02
2.145370e-02
-6.977707e-02
-2.272164e-02
1.408619e-03
3.906714e-02
3.129103e-02
1.821146e-02
1.622216e-02
3.677782e-03
2.219644e-02
4.547040e-03
-2.160350e-03
2.193043e-02
1.822529e-02
-1.552681e-02
-7.134780e-02
2.660650e-02
5.000150e-02
4.890849e-04
-6.159160e-02
-3.889678e-02
-1.403486e-02
7.480825e-04
6.600382e-02
-1.166918e-02
-7.267985e-02
1.717722e-02
-1.787208e-02
-3.473333e-02
1.465137e-03
3.667106e-03
-5.656354e-02
-2.961714e-02
-1.702791e-02
5.016299e-04
2.373542e-02
-1.865206e-02
-1.892171e-03
1.874327e-03
2.313505e-02
-2.202173e-02
2.074468e-02
3.423778e-02
-2.478687e-02
3.883766e-02
-6.091221e-03
1.968373e-02
9.712511e-04
-2.656717e-02
3.559867e-02
5.976882e-02
3.306971e-02
-1.945070e-02
1.720439e-02
2.033974e-03
1.613367e-02
2.135962e-03
-1.195459e-02
1.493999e-02
1.334287e-02
3.946626e-02
-7.012058e-03
2.018472e-02
-1.666631e-02
-3.552854e-03
2.046433e-02
5.198330e-03
3.880868e-03
3.864506e-02
2.366366e-02
4.865121e-03
7.755012e-04
-2.438361e-03
4.072247e-03
2.275710e-02
-2.192451e-02
2.444569e-02
-1.549170e-02
1.929801e-02
-4.807642e-03
1.842867e-02
-3.872158e-03
2.170599e-02
7.835252e-02
-3.587703e-02
-1.726130e-02
-4.023031e-02
-1.727833e-02
3.492630e-03
-1.405702e-02
-1.420828e-02
1.611292e-02
-2.152595e-02
2.530102e-02
3.025535e-04
2.049533e-02
1.740093e-02
7.778440e-03
2.461584e-03
-9.199581e-04
-7.765706e-02
1.912147e-02
1.553869e-02
1.704411e-02
1.891958e-02
-4.963654e-03
-1.722352e-02
1.909185e-02
1.894988e-02
6.848930e-03
-3.334776e-02
-1.185699e-03
-3.309835e-02
-1.648766e-02
-1.493856e-02
3.469885e-02
1.915821e-02
6.287466e-02
1.384160e-02
1.853078e-02
2.165149e-03
-5.558579e-02
7.740725e-03
-3.617608e-02
-6.893167e-02
-5.724401e-02
8.683937e-03
-3.318389e-02
1.718393e-02
1.757838e-04
-1.409834e-03
6.006393e-03
8.234244e-03
-1.114499e-02
-2.783065e-02
-8.100088e-04
-2.689016e-02
-2.032299e-02
-2.270141e-02
-3.450859e-05
-1.642953e-02
1.467296e-03
1.770716e-02
-3.838090e-04
1.321875e-02
-5.005287e-02
-5.735511e-02
4.279419e-03
2.217541e-02
-3.741538e-02
-7.184345e-02
-5.177210e-02
-3.419220e-03
-2.255085e-02
5.297837e-03
3.462287e-03
-3.644796e-03
5.573928e-02
1.704480e-02
-5.824523e-02
-6.094053e-02
9.228966e-04
-7.499698e-02
-1.944352e-02
6.494143e-03
2.298311e-02
1.524742e-02
2.266819e-02
-1.815388e-03
1.951817e-02
1.843647e-03
-1.561828e-02
-1.640983e-02
4.338275e-03
-7.775601e-02
-5.083531e-03
-1.845157e-02
-6.693450e-03
5.538430e-02
1.380942e-02
-8.009639e-03
-3.202738e-03
-5.853516e-02
-1.572113e-02
2.206699e-03
1.568232e-02
1.909246e-03
-3.749028e-03
-5.862115e-03
4.244364e-03
4.889328e-02
-4.762328e-04
-6.643275e-02
1.834348e-02
-1.973785e-04
4.058133e-02
7.834487e-02
-1.634166e-03
-5.405694e-06
4.238798e-03
1.779564e-02
-4.015339e-03
-2.398456e-02
-2.411195e-02
1.051489e-03
2.338533e-03
7.683074e-04
-1.769785e-02
2.061802e-02
1.909723e-03
1.365262e-03
1.816150e-02
3.113206e-03
-7.755229e-02
-2.295474e-02
-6.876549e-04
-1.351307e-02
6.262307e-03
-3.819497e-02
-6.429015e-02
2.121293e-02
1.869162e-04
-5.085083e-03
8.747889e-04
-1.658900e-02
-1.990653e-02
2.266228e-02
3.820444e-02
-2.058352e-02
5.121112e-02
1.483227e-03
-3.665528e-02
1.534635e-03
1.872977e-02
2.431992e-02
8.845002e-04
1.619319e-02
2.443111e-02
-1.262503e-02
-2.285430e-02
2.197503e-02
1.731391e-02
5.709961e-04
-1.446637e-02
7.999893e-02
-1.012765e-03
5.599176e-02
2.054010e-02
2.191092e-02
-4.104201e-02
6.209163e-02
1.114156e-04
-1.686114e-02
2.732333e-03
-1.345440e-02
1.388800e-02
-1.478300e-02
-6.000462e-02
-4.213200e-03
-2.128836e-02
-1.343599e-03
5.627878e-03
-1.304771e-02
-2.018606e-02
3.319766e-02
-1.703844e-02
-2.393383e-02
1.360720e-02
7.738151e-02
-2.238892e-03
-2.421982e-02
-8.694090e-03
-1.267821e-02
1.955455e-02
2.457794e-02
-5.342253e-03
1.042495e-02
-1.695286e-02
-7.031932e-03
3.617826e-02
-8.312570e-03
6.285693e-03
-1.739292e-02
-1.873988e-02
-1.881050e-02
-2.203137e-02
-1.139345e-03
-5.224163e-03
1.804086e-03
6.991561e-02
1.440083e-02
3.132229e-02
-3.909605e-02
-3.601240e-02
4.283973e-02
-4.568430e-03
7.348698e-04
-1.867116e-02
-1.683392e-02
-2.103849e-02
2.298106e-03
1.064970e-03
4.157312e-02
3.904751e-02
-1.962809e-02
-1.923836e-02
1.320262e-02
-1.593518e-03
2.411579e-02
2.283220e-02
-3.726009e-02
-5.444282e-03
3.537466e-02
5.924432e-02
2.243748e-02
1.616260e-04
1.661629e-02
-2.269537e-02
3.262727e-03
5.884946e-03
1.314002e-02
-6.969311e-02
3.995031e-02
-2.603979e-02
-2.721966e-02
-9.176256e-04
4.551743e-02
2.442659e-02
-1.720917e-02
-4.796597e-03
5.836587e-02
-1.592820e-02
-1.683127e-02
3.465364e-03
1.986698e-02
7.521840e-03
-5.905186e-02
-1.789451e-02
-1.984972e-02
4.038645e-03
2.575779e-02
-5.671010e-03
-1.815393e-02
1.757427e-02
-2.021790e-02
-5.316904e-02
-1.387970e-03
4.632169e-02
-7.892088e-03
6.264850e-02
-1.278572e-02
6.135669e-04
-1.175095e-02
-1.613827e-02
4.714112e-02
-5.754808e-02
2.130559e-02
-1.117327e-02
9.412508e-04
2.183956e-02
-2.835066e-02
1.817836e-03
-2.497055e-02
1.787431e-04
2.492423e-02
6.781633e-02
7.155297e-04
2.434123e-02
-1.724268e-02
-7.673652e-02
7.318693e-02
-9.523218e-03
-2.708575e-03
1.690971e-02
-8.508394e-03
-3.080747e-03
-2.036185e-02
-5.016433e-02
-1.465113e-02
-2.178260e-02
-2.181418e-02
1.145473e-04
-3.593032e-02
1.964937e-02
3.554065e-03
1.104821e-02
-1.945197e-02
-7.796272e-02
-1.657428e-02
7.132644e-02
-1.770172e-02
4.769981e-02
1.269764e-03
7.907486e-02
6.154588e-02
1.333342e-03
-1.060637e-03
-1.413334e-02
-4.083683e-02
5.820323e-02
2.735983e-03
1.618184e-02
-5.132721e-03
-1.856063e-02
2.098903e-02
-7.615544e-02
-3.299719e-03
2.137868e-02
-2.738125e-03
1.390971e-03
-1.804444e-02
6.821167e-02
-6.188496e-02
5.393809e-04
2.201925e-02
4.200022e-03
-2.219056e-02
-7.023484e-03
1.938774e-02
-4.073368e-02
4.877567e-02
-1.424024e-02
-1.491393e-02
-2.463999e-04
-1.321580e-02
-7.774304e-02
-3.858827e-05
-2.040742e-02
5.942333e-03
7.437506e-02
-1.649442e-02
-2.097364e-03
1.702133e-02
3.259426e-04
-1.913800e-02
-4.273273e-02
1.502679e-02
1.729936e-02
1.750349e-02
2.001319e-02
3.469248e-02
-5.101032e-02
-3.547261e-03
1.546555e-02
-2.704050e-02
5.646675e-02
-5.466629e-02
-3.716018e-02
-6.866422e-04
1.489059e-02
-1.187197e-02
7.586003e-02
8.395566e-04
4.677936e-03
5.448579e-02
-2.633481e-03
1.967215e-03
-7.806437e-04
-6.761109e-02
-7.946487e-02
-4.574186e-03
6.292778e-02
-2.234383e-02
2.554866e-02
7.040750e-02
-1.599102e-02
-1.236968e-03
-6.435885e-02
3.956714e-02
-1.611183e-02
1.935333e-03
-1.134508e-02
1.783098e-02
-1.830655e-02
-1.433947e-02
-5.185912e-02
1.309289e-02
1.302298e-03
-1.406564e-02
-2.281186e-02
-6.171333e-03
-1.575966e-02
1.512618e-03
3.021231e-03
-1.640193e-02
6.082027e-03
-6.152497e-02
1.543017e-02
1.941935e-02
6.195422e-05
-7.436127e-02
-2.545689e-02
3.938641e-02
-5.927244e-02
-2.390599e-03
4.060698e-03
-4.740680e-03
3.112785e-03
-1.234780e-02
5.635993e-02
-5.627413e-04
5.837785e-02
1.798789e-02
-1.468339e-03
3.035992e-02
-5.957904e-03
-5.287283e-04
1.865953e-03
-2.202992e-02
1.843838e-02
-1.944546e-02
-1.024036e-03
-6.035734e-02
3.428501e-03
4.274801e-02
2.045015e-02
-7.388418e-02
-4.197472e-02
2.306820e-02
-1.516560e-02
1.668312e-02
2.157382e-02
1.643625e-02
-5.371291e-03
1.856168e-03
3.778996e-02
1.602714e-02
1.826028e-02
-5.990251e-02
-2.134842e-02
4.540466e-03
-1.704436e-02
-2.145775e-02
-3.053781e-05
-2.572630e-03
-1.277751e-04
1.922552e-03
-1.111667e-03
3.620709e-02
5.586572e-03
-2.349778e-02
2.003793e-02
-4.801731e-03
-2.469826e-03
1.851637e-02
-7.348877e-02
-1.816221e-02
-1.613538e-02
-2.795199e-04
1.823652e-02
-1.897863e-02
1.547311e-03
7.212283e-02
-5.041873e-02
1.744850e-02
-3.539025e-02
2.058896e-02
1.806396e-02
-1.234994e-02
-2.016539e-02
4.055913e-03
-6.799358e-04
-7.952287e-02
9.575334e-04
3.950242e-02
4.074009e-03
-1.688606e-02
-3.449728e-02
-1.479173e-02
1.758632e-02
-1.622599e-02
1.351588e-02
1.763315e-02
-2.642199e-02
1.097377e-03
-1.960256e-02
4.072950e-02
-1.714266e-02
5.880359e-03
1.547559e-02
3.562527e-02
3.855223e-03
1.970516e-02
1.906966e-02
3.991161e-03
-2.531227e-02
-1.345800e-03
1.874349e-02
3.431276e-03
2.301534e-02
3.761228e-02
1.070489e-02
7.471488e-04
-2.456283e-02
-2.031489e-02
-3.180514e-03
-1.682905e-02
6.630474e-02
4.544975e-02
3.686640e-03
3.149339e-02
7.330982e-03
1.285399e-02
-7.068441e-03
-2.718882e-02
-5.309928e-04
1.890087e-02
-1.526013e-02
-7.409856e-03
7.720198e-02
-1.640639e-02
-3.817037e-05
-3.035943e-03
1.770174e-02
-3.074927e-03
-1.151044e-03
2.128998e-02
-1.442958e-03
4.096494e-03
6.526000e-02
2.633729e-03
-1.610810e-03
-2.173851e-02
1.270809e-02
4.321486e-03
1.227735e-03
5.499715e-02
7.999330e-02
-2.194625e-02
1.719666e-02
7.463227e-02
5.526389e-03
1.812967e-02
-2.708120e-03
2.193071e-02
-2.377563e-02
1.777517e-03
2.784727e-04
2.727608e-03
-4.960244e-03
5.561925e-04
4.627344e-02
9.606597e-03
-5.258672e-05
6.003761e-02
2.658748e-02
1.375862e-02
-1.552504e-05
-2.130853e-02
1.475537e-02
-1.794415e-02
-1.381380e-03
-1.376555e-03
7.754850e-02
-8.343398e-04
4.287246e-02
-1.131155e-03
-1.380384e-03
6.196566e-04
-7.811940e-02
2.451532e-02
4.171064e-03
1.944944e-02
3.441084e-03
2.846114e-03
1.568560e-02
-1.952039e-02
-1.759222e-03
2.197897e-02
-2.117732e-02
-1.816392e-02
2.565115e-02
-1.264695e-02
-2.237655e-02
-7.413329e-04
1.657956e-02
1.249475e-03
-1.650501e-02
3.371674e-02
1.488484e-02
-4.987666e-03
-2.421186e-02
3.679548e-02
-2.171261e-02
-3.382347e-02
-2.186297e-02
-2.400687e-02
2.213728e-03
-5.689932e-04
6.293644e-04
-1.761184e-02
1.389379e-02
1.978258e-02
6.938100e-02
1.637095e-02
5.167669e-03
1.799073e-02
-2.003580e-02
-7.030452e-02
-1.419086e-02
-6.354259e-04
1.937332e-02
-1.585172e-02
7.756643e-02
-4.130135e-03
2.135644e-02
1.522217e-02
1.671668e-02
3.181852e-03
2.705909e-03
-8.789877e-04
-1.251259e-02
-2.153238e-02
4.049501e-02
6.234930e-03
-1.934921e-02
-6.549691e-03
4.653771e-03
-2.923183e-03
-6.384486e-02
1.314553e-02
-1.902720e-02
2.887470e-04
7.850533e-02
1.805905e-02
-1.636972e-02
2.969729e-03
-2.087653e-02
-6.697311e-02
-2.976487e-02
1.726484e-02
-1.669758e-02
1.641390e-03
7.035340e-02
3.453771e-03
-2.952208e-03
-3.779525e-03
2.390543e-02
1.373005e-02
-1.898509e-02
1.066190e-03
-5.531895e-02
5.741713e-03
-1.590998e-02
-7.459430e-02
6.927899e-02
-1.889553e-02
-1.075530e-02
1.068000e-03
-1.386565e-02
3.772537e-03
-2.411639e-02
-5.292470e-03
-1.428162e-03
5.091764e-02
-3.904612e-02
5.270618e-02
-2.398796e-02
-2.473228e-02
1.740789e-02
3.131209e-02
1.011918e-02
1.201175e-02
-1.327379e-02
7.814020e-03
1.432487e-03
-1.878079e-02
3.496623e-02
-3.075052e-03
-1.565569e-03
1.585301e-02
-1.444231e-02
2.163289e-03
-4.053492e-03
-6.473963e-04
5.855125e-03
1.856124e-02
3.582990e-02
4.835898e-03
-8.254727e-04
-1.456087e-03
2.374817e-04
3.632205e-02
1.271339e-03
3.968316e-04
1.496734e-02
2.556650e-02
-2.317078e-02
1.277247e-02
-1.731272e-02
1.700702e-02
-2.065841e-02
5.581189e-03
-3.604115e-02
-2.260899e-02
1.748151e-03
-5.933976e-03
1.959065e-02
2.088018e-02
1.510683e-02
-3.390527e-02
6.361762e-04
2.890933e-05
-2.173678e-04
1.894240e-02
-1.495769e-02
-1.428244e-02
-1.833124e-02
2.174371e-02
-7.931561e-02
-4.384755e-02
-2.820154e-03
-1.921298e-02
-2.531631e-02
-1.981615e-02
2.301568e-03
-2.209438e-02
-6.940198e-02
3.948667e-02
1.996143e-02
1.960809e-02
-1.552742e-02
-1.681000e-02
2.056557e-02
-1.341360e-03
2.322686e-02
2.324004e-02
-3.315790e-02
-1.399119e-03
-1.820126e-02
-6.981001e-04
1.142037e-02
1.171573e-02
-1.301899e-02
2.310937e-02
5.454080e-02
2.122627e-02
5.649332e-02
1.132477e-03
6.690478e-02
-2.077395e-02
7.401274e-02
-6.756828e-04
2.255356e-02
1.900795e-02
-3.586039e-02
2.191242e-03
-2.016313e-02
-1.691493e-02
-1.730316e-02
-7.981187e-03
1.624641e-03
-1.365198e-02
-1.836741e-03
-4.261166e-02
-4.154551e-02
1.225132e-02
-5.119930e-02
-1.672260e-02
-1.845817e-02
-2.003459e-02
2.032278e-02
-4.903684e-02
-2.110514e-02
-3.453673e-02
-2.348133e-03
1.557092e-02
1.129871e-03
7.567181e-02
-2.712662e-03
1.722813e-02
1.168899e-02
-1.066156e-03
1.992318e-02
-6.277376e-02
3.754987e-02
-5.674779e-02
-5.673562e-04
1.696749e-02
-5.675244e-02
4.217573e-03
5.963550e-02
-1.963877e-02
1.799112e-02
3.558735e-03
-1.412850e-02
2.125325e-04
2.020154e-02
3.812261e-03
-1.996825e-02
6.882997e-03
-1.704542e-02
-6.818272e-02
1.104723e-04
-1.918699e-02
2.424467e-05
-2.222360e-02
2.148562e-02
1.970146e-02
3.942328e-03
1.448018e-02
1.057947e-02
2.285113e-02
5.515817e-03
8.807464e-04
2.138129e-02
-1.180524e-02
-1.150183e-03
-1.597972e-02
-3.253751e-03
-1.654935e-03
4.966668e-03
1.125489e-03
1.801117e-02
-2.836216e-02
-1.613684e-02
1.750946e-03
-2.648915e-02
1.238988e-02
2.220487e-02
5.680431e-02
-7.703644e-02
5.339372e-03
-6.154959e-02
-3.738117e-03
-6.753516e-03
1.694401e-02
-4.968167e-02
-6.087706e-03
-3.440308e-02
-3.889859e-02
4.714670e-03
1.073302e-03
7.093242e-03
-1.651156e-02
-2.620948e-04
6.025982e-02
4.563005e-02
-2.009672e-02
4.315777e-03
2.001559e-02
3.969259e-02
-1.832161e-02
1.343456e-03
7.015534e-02
-1.021388e-03
1.391653e-02
-3.215730e-04
7.681750e-03
1.844810e-02
-1.317137e-02
1.993355e-02
-2.257024e-02
3.934970e-04
-2.374752e-02
-6.176801e-02
1.773796e-02
1.598929e-03
5.029740e-02
-9.219067e-04
4.186861e-03
1.811355e-02
-9.865751e-04
4.165105e-03
-1.970574e-02
-1.844702e-02
7.001996e-02
-3.508664e-02
-2.224114e-02
-3.513400e-02
3.507582e-02
-1.537802e-02
5.356237e-03
-6.550850e-02
1.548093e-03
-7.631353e-02
5.240753e-05
5.584191e-02
6.091189e-02
1.425700e-03
1.510196e-02
-4.248599e-02
-1.597822e-02
-3.003948e-02
3.694773e-04
1.639859e-02
1.786377e-02
-1.758169e-02
-1.263435e-02
-1.670983e-02
-3.709513e-02
6.420998e-02
2.269103e-03
-3.932958e-03
-3.341364e-03
1.692050e-02
-1.796188e-02
6.997364e-03
-3.898283e-02
-6.033771e-03
1.687318e-02
-1.982836e-03
1.741882e-02
-1.431538e-02
1.159376e-02
3.323008e-02
-6.383868e-03
2.257843e-02
-1.580683e-02
-3.770134e-02
3.123330e-03
2.189130e-02
-1.053989e-02
-1.518970e-02
3.841572e-02
-2.376019e-02
-1.949645e-03
1.667901e-02
-4.750002e-03
-1.764730e-03
4.429860e-02
2.371613e-02
2.251651e-03
1.777904e-03
-3.746478e-02
4.395887e-02
2.256229e-03
-1.433955e-02
-7.226274e-02
-1.716012e-02
5.409143e-02
4.771166e-02
-2.511806e-02
1.049849e-03
-2.709371e-02
1.717178e-02
1.965366e-02
2.115395e-02
-3.165745e-04
2.345728e-02
2.132974e-02
-4.843325e-03
-7.935327e-02
-5.471479e-03
5.352378e-02
-1.358013e-03
-2.769530e-03
-2.855060e-03
-2.197604e-02
-5.750416e-04
2.555352e-02
8.094753e-04
-5.267151e-04
1.952428e-02
3.240336e-02
1.568096e-02
-7.106297e-02
2.261088e-02
-1.409248e-02
2.338630e-02
1.913511e-02
-3.707182e-02
1.373285e-02
-1.890531e-02
1.850803e-02
5.561973e-02
-6.851637e-04
-1.573792e-02
-1.586022e-02
1.820112e-02
2.300132e-02
-5.513180e-03
2.180952e-02
-6.710484e-02
-4.805618e-02
-1.783604e-02
6.107750e-03
3.576133e-03
-3.566287e-02
2.010322e-02
6.954587e-02
2.901130e-03
-2.170729e-02
1.168019e-02
4.885128e-02
3.650713e-03
-1.157569e-03
4.454113e-02
-1.695829e-02
2.288026e-02
-3.041128e-02
1.628210e-02
-1.310969e-02
-2.865098e-03
1.085297e-02
4.859569e-03
1.499899e-03
4.204588e-04
-3.060387e-03
3.719250e-02
1.880281e-03
-3.032288e-03
2.022413e-02
1.444454e-02
-1.354274e-03
3.059526e-03
1.306927e-02
1.484194e-02
-1.863297e-02
2.742470e-02
3.098881e-03
1.692895e-02
1.685945e-02
-2.144334e-02
-1.721950e-03
-8.601734e-03
1.582273e-02
1.112420e-03
7.783963e-02
-2.685332e-03
-7.986474e-04
-1.671215e-03
-2.422735e-02
2.011142e-02
4.858073e-03
-7.190338e-02
-1.905383e-02
-7.969410e-02
1.360762e-02
-1.463893e-02
3.427819e-02
1.149028e-02
-9.991485e-04
3.379968e-03
9.275457e-04
2.421508e-02
-2.176071e-02
-2.109381e-02
1.080981e-03
-1.511362e-02
-4.825668e-02
3.624045e-02
-4.994518e-02
6.199202e-02
-3.782550e-02
-7.138960e-03
-1.676848e-02
-4.488448e-02
-3.524835e-03
-7.388962e-02
-1.646788e-02
2.287574e-03
1.893002e-02
2.213792e-02
6.161611e-02
-2.206829e-03
-3.626582e-02
-1.393891e-03
-1.945955e-02
-2.850874e-03
1.565677e-02
3.165751e-02
-1.841923e-02
-6.869939e-03
-5.938416e-04
-3.353967e-03
-1.771410e-02
2.157577e-02
-5.807576e-03
-4.700740e-03
1.329614e-03
-2.098798e-03
-2.586372e-02
-6.172621e-04
-2.670966e-02
-3.149394e-03
1.778899e-02
1.897825e-02
3.842584e-03
2.035251e-03
3.246967e-03
4.052583e-02
3.697927e-03
-3.194204e-02
3.770284e-02
1.181676e-03
1.560940e-02
-1.742603e-02
1.630772e-02
-1.398167e-02
3.418358e-02
-5.232769e-02
-1.246636e-03
6.958901e-02
-3.672216e-02
-2.333872e-03
-3.874240e-02
7.004291e-02
-1.702331e-02
2.928174e-03
-2.009504e-02
3.665740e-02
4.406845e-03
-2.186726e-02
-1.838689e-02
6.196293e-03
-2.872533e-03
-2.307928e-02
2.214914e-02
3.446228e-03
-1.380565e-03
-2.421639e-03
2.630673e-03
-1.776384e-02
-6.027554e-03
4.040296e-03
-1.922441e-02
1.118344e-04
6.248508e-02
-1.583768e-02
5.335624e-02
-2.831594e-02
-1.543790e-02
8.766072e-03
7.080686e-02
1.395699e-02
1.993233e-02
-2.011575e-02
-3.650559e-02
-2.808657e-02
2.602995e-02
-5.855346e-02
1.605035e-02
5.611161e-03
-1.142627e-03
-7.723368e-02
1.541185e-02
1.612219e-02
-2.538846e-02
3.948344e-02
2.547720e-02
4.370097e-04
8.634828e-04
-5.487702e-04
-2.089381e-02
4.591540e-03
6.047518e-02
7.553035e-02
2.561021e-02
-3.614336e-02
-6.940210e-02
5.640370e-02
-2.232581e-02
1.820692e-02
3.548973e-03
-5.791680e-02
-2.030477e-02
-3.598041e-04
7.911124e-02
4.507594e-02
7.052282e-02
3.178481e-03
4.223970e-03
-1.820963e-02
3.332726e-03
-1.427708e-03
-4.277342e-02
1.758778e-03
1.581235e-02
7.940913e-04
4.782624e-03
2.414423e-02
-5.079506e-03
-3.420336e-03
2.598808e-03
2.233815e-03
-3.433512e-02
-5.660045e-02
-1.703893e-02
1.542387e-03
2.984297e-02
-2.152844e-02
-1.211515e-02
2.238014e-02
-4.174124e-03
-6.119683e-02
1.709224e-02
2.403244e-02
1.383435e-02
1.635162e-02
1.929930e-02
-1.644637e-02
-1.640032e-02
-1.507596e-02
3.472848e-02
3.320283e-02
-1.934273e-02
-7.005576e-03
1.153920e-02
-1.899048e-02
6.342939e-02
-3.802964e-02
-4.047341e-02
2.115399e-02
-5.937659e-03
2.952505e-04
-1.933791e-02
1.219387e-03
-2.175176e-03
-3.615509e-02
4.675679e-02
3.891845e-02
-7.992445e-02
-2.246168e-03
-1.335557e-03
-3.673861e-03
7.754544e-02
2.153658e-02
5.368606e-03
-6.832363e-02
1.686519e-02
3.093566e-02
-1.463533e-03
-7.407162e-02
9.753674e-03
-7.410345e-02
-2.887693e-02
5.457196e-03
6.840733e-04
7.530698e-02
-3.121324e-02
2.470985e-02
1.989425e-03
3.465872e-02
-5.792861e-03
-9.991097e-04
-1.915039e-02
-1.454827e-02
2.411145e-02
2.147392e-02
1.846019e-02
-5.096951e-04
-1.663044e-02
-1.652077e-02
-1.770203e-02
-1.997755e-03
2.097872e-02
-1.147867e-02
5.728423e-02
-1.905425e-03
4.196995e-02
-7.446483e-05
-2.451967e-03
-7.887483e-02
-1.751648e-02
1.600692e-02
-3.386505e-02
-1.554571e-02
-6.035533e-02
2.333682e-02
-3.048694e-04
1.842767e-02
-2.008694e-02
-3.963363e-02
-2.078006e-02
5.729070e-02
2.884502e-03
4.150824e-03
2.015522e-02
-1.749790e-02
-9.577518e-04
-3.183720e-02
-5.239847e-03
1.990257e-02
4.552542e-03
1.878965e-02
-4.055202e-02
1.948324e-03
-4.105677e-04
1.891510e-02
1.797969e-02
7.252365e-03
-2.618839e-02
6.347139e-03
6.251905e-02
-1.829204e-02
-1.426824e-02
7.286570e-02
-5.600699e-03
-9.745829e-05
2.003419e-02
1.320190e-02
6.740927e-02
3.680154e-02
8.744370e-03
1.975573e-02
3.963965e-02
-7.253140e-02
-1.016454e-02
-1.080996e-02
8.028735e-03
1.670005e-03
3.566155e-02
2.239046e-02
4.691833e-04
-5.809977e-03
-8.066623e-04
-1.596945e-02
-3.181331e-04
6.187419e-04
-2.748798e-03
-1.850055e-02
-5.492763e-02
5.037066e-02
1.025533e-03
-5.338669e-03
-7.432215e-02
9.623657e-04
4.833875e-03
7.066569e-02
2.614408e-02
-1.982600e-03
-1.989862e-02
-1.690970e-03
-1.712960e-02
-3.284216e-04
5.272991e-03
-1.777224e-02
4.714466e-03
-1.674303e-02
2.782524e-03
-2.634987e-02
2.511039e-02
-5.948054e-02
-1.328273e-04
1.453725e-02
-3.486659e-03
1.665084e-02
2.564376e-02
5.304816e-03
-7.657152e-04
-1.696735e-02
-3.938292e-03
5.459032e-03
-3.808048e-02
5.602646e-04
3.710678e-03
-4.622528e-02
6.713061e-02
-1.951125e-02
-6.858528e-02
6.518472e-02
-2.095120e-02
2.847766e-03
2.705207e-02
-2.151495e-03
7.818566e-04
-1.735681e-02
1.375248e-03
-7.133733e-03
4.667752e-02
2.230932e-02
-3.395822e-03
1.829986e-02
-2.701763e-02
1.438476e-02
3.011346e-03
-2.626671e-02
2.354676e-02
-3.033823e-02
-7.535936e-02
5.735619e-02
-1.250354e-03
7.300390e-02
1.990681e-02
9.112826e-04
-7.618300e-02
-6.086558e-04
-3.506868e-02
2.523213e-02
-3.757678e-03
1.893982e-02
2.055078e-02
2.354394e-02
-2.217980e-03
-1.517078e-03
3.510399e-03
-7.659188e-02
2.493510e-02
1.164892e-02
-5.548117e-03
3.781659e-02
6.804998e-02
-2.269223e-02
-7.730301e-02
-1.675406e-02
-6.611815e-02
-1.745042e-02
1.573332e-02
3.115989e-03
4.136685e-04
-9.220688e-03
-3.936936e-02
-2.595035e-03
1.881595e-02
-2.812264e-03
-1.366265e-03
2.425690e-02
1.841809e-02
-3.131530e-02
-2.468842e-02
-8.620910e-03
1.869844e-02
-1.975397e-02
-1.941300e-03
1.256894e-02
-4.546194e-02
-2.134576e-02
-6.304366e-02
2.822910e-03
1.545187e-02
-4.553362e-03
3.559697e-03
-2.642083e-02
-1.690823e-03
2.146518e-02
1.569720e-02
-1.623423e-03
-1.587704e-02
-6.001661e-03
1.843885e-02
-6.885213e-02
2.529955e-02
-1.078494e-03
5.575821e-03
-3.837586e-03
-7.071240e-03
-5.153009e-03
1.959237e-04
-5.987398e-06
1.608642e-02
-3.543284e-03
5.538159e-02
-1.537200e-02
-2.146609e-02
7.738067e-02
2.255576e-02
2.345178e-02
-2.028778e-03
-2.083273e-02
-1.769820e-02
1.432097e-02
-3.764919e-02
2.108210e-02
-1.302049e-02
8.266908e-03
-2.179060e-02
6.792772e-02
9.208781e-03
-2.076774e-02
1.686611e-02
3.943454e-03
-4.001319e-02
-1.852835e-02
2.294063e-02
6.244265e-02
-3.547458e-02
7.836582e-02
-1.998710e-02
2.272450e-02
-2.142295e-02
2.155045e-02
-5.535820e-03
1.653820e-02
3.514163e-03
1.937550e-02
7.340985e-02
1.012731e-04
-2.382362e-02
2.252779e-02
-2.676215e-03
-2.406602e-02
6.242132e-03
-2.750178e-03
1.556611e-02
2.460824e-03
-1.326680e-02
-6.814621e-03
-1.337802e-03
-7.587249e-02
1.258816e-02
-2.103161e-02
4.111785e-02
-9.440470e-04
1.704228e-02
-1.700812e-03
-1.167693e-03
3.188282e-02
5.692392e-02
3.361724e-02
2.130478e-03
-1.637886e-03
-5.003321e-03
-6.010081e-02
2.026521e-02
3.520705e-03
-1.213880e-03
-2.574820e-02
-3.641459e-02
-1.820434e-02
5.942903e-03
-5.188406e-02
-2.644312e-03
-9.616994e-04
-7.851175e-02
7.487986e-03
-3.583746e-02
-5.589104e-03
1.526674e-02
-1.527083e-02
-2.533539e-03
1.440135e-02
2.191325e-02
-1.546785e-02
2.355085e-02
-1.998083e-02
-9.366043e-05
-4.947329e-02
5.552277e-03
-4.460801e-02
1.612808e-02
1.244660e-02
-1.365635e-02
-2.020899e-02
2.332277e-04
2.275559e-03
3.943050e-03
2.921539e-02
-3.368980e-03
2.027407e-02
5.474393e-02
-1.604276e-02
-3.809982e-03
-2.158479e-02
-1.025370e-03
-2.126619e-02
5.286812e-03
-3.807149e-03
-3.853401e-03
-1.552421e-02
-1.740025e-02
-5.115260e-03
-4.608337e-02
3.058232e-02
-6.437945e-02
1.807145e-02
4.173934e-02
-6.344378e-02
2.187532e-02
-1.498434e-02
3.484924e-03
-2.760611e-04
7.433386e-03
-3.527745e-02
-2.192968e-02
-1.604142e-02
-1.527925e-02
-3.547591e-03
3.427767e-02
-1.273841e-02
1.837852e-03
-5.186923e-03
4.564705e-03
1.759583e-02
-4.498008e-03
-4.768309e-03
1.599692e-02
1.692345e-02
1.019845e-03
2.140898e-02
4.633093e-02
4.143618e-03
-1.933596e-02
2.604389e-02
2.189642e-02
-6.880914e-04
-3.907172e-02
-3.139670e-03
1.847939e-02
-5.507807e-02
1.847899e-02
1.086141e-03
-1.948149e-02
-5.227144e-02
-1.773842e-03
2.531980e-02
-3.515114e-02
2.672529e-02
3.607029e-02
-1.912796e-02
3.883675e-02
-2.581940e-02
-1.802242e-02
4.191786e-04
-2.129951e-02
3.478618e-02
-2.490024e-03
1.426341e-02
-1.856484e-02
2.494771e-03
1.881638e-02
2.499057e-02
7.082974e-03
-6.311030e-02
-2.208058e-02
-3.350451e-02
-2.608809e-03
6.880750e-03
-7.723245e-04
6.461953e-03
-2.538276e-03
3.295399e-03
-9.917171e-04
-2.161494e-02
4.338791e-03
-3.286922e-03
1.693244e-02
-3.463135e-02
1.335906e-02
1.901199e-02
-1.421583e-02
-2.491817e-02
-5.650908e-02
-4.152384e-03
-1.468067e-02
3.430234e-02
-3.397807e-03
-1.976867e-02
-2.013015e-02
4.235634e-02
-2.363825e-02
-1.475909e-03
8.367283e-04
-1.595322e-03
-5.712548e-02
3.111588e-03
1.729145e-02
2.610698e-03
1.882840e-02
1.886924e-03
-2.460552e-02
5.912243e-03
2.592489e-02
-2.953743e-03
-1.615651e-02
1.941907e-02
-3.128434e-03
2.116542e-02
-2.162797e-02
1.518008e-02
-1.807968e-02
-5.701705e-02
-1.981272e-02
-1.972373e-03
-1.977134e-02
-2.096063e-02
-6.748214e-04
3.083400e-03
-3.681780e-02
1.765722e-02
-1.707766e-02
-5.135074e-02
2.095321e-02
-4.533208e-03
1.351513e-03
-1.951185e-02
1.764427e-02
-1.775735e-02
7.849197e-03
-5.231665e-02
2.067899e-03
-2.233612e-02
-1.364013e-03
7.252884e-04
2.042537e-02
1.833048e-02
-6.557880e-02
-1.639755e-02
-4.625909e-02
-6.518635e-03
2.733206e-02
-8.326765e-05
-2.314736e-02
-5.462084e-03
3.733122e-03
-1.771906e-02
-4.752100e-03
3.155024e-02
7.244199e-04
5.808317e-03
-3.316041e-03
1.862531e-02
3.856093e-03
-2.113254e-03
-2.861024e-02
7.523136e-03
-3.446782e-02
3.900208e-02
1.530852e-02
-5.693788e-02
2.360436e-02
-3.644895e-02
-2.460660e-02
2.304736e-02
-2.437332e-02
1.547965e-02
3.547878e-03
-2.130638e-02
3.592534e-02
-4.193881e-03
-1.483025e-02
-7.352380e-02
2.215753e-02
5.801930e-02
-5.022324e-02
1.413440e-02
-1.136711e-02
-2.059209e-02
-2.448989e-02
4.826160e-02
2.088202e-03
-5.179903e-03
-6.442950e-02
5.295076e-03
1.892526e-02
5.614755e-03
-5.985374e-02
-1.568118e-02
-3.446887e-03
-6.134032e-04
-1.310274e-03
1.919668e-02
7.708531e-02
-4.558164e-03
-3.817852e-02
-5.381440e-02
-1.597024e-02
-1.667789e-02
-1.299695e-02
9.836455e-04
-1.048571e-03
-7.526229e-02
7.792623e-03
-1.365287e-03
-3.510684e-03
3.457077e-02
8.319620e-04
-4.622439e-03
-2.861168e-02
-3.958144e-03
-5.207365e-02
1.713579e-02
-1.657066e-02
4.131939e-05
1.794290e-02
1.965473e-02
-5.825655e-02
-1.779742e-04
-4.339176e-02
1.245820e-02
2.172730e-02
-5.029504e-02
5.285329e-03
2.498253e-03
-2.309366e-02
-3.378302e-05
1.847093e-03
1.521493e-02
-7.540667e-03
2.048752e-03
1.289026e-02
1.946155e-02
5.598648e-02
1.834675e-02
-2.319375e-02
-3.620096e-03
4.047743e-03
-5.144301e-02
1.382689e-02
1.250171e-02
-1.879501e-03
2.564529e-03
-1.873136e-02
-4.431546e-03
1.175722e-03
-2.216516e-02
-5.525056e-02
-4.682642e-02
7.816046e-04
2.138411e-03
-7.423616e-02
-2.838532e-03
6.252748e-02
-1.842702e-02
5.767418e-02
1.587583e-02
1.885297e-02
-3.940580e-02
-2.340952e-03
-1.744199e-02
1.188561e-02
1.796273e-02
-2.100186e-02
-1.910507e-02
-7.570613e-02
-1.693045e-02
-1.864898e-02
1.532894e-02
-4.126030e-03
-1.534491e-02
7.890252e-02
1.515443e-02
-2.463743e-02
7.557687e-02
3.557286e-02
1.720137e-02
6.902047e-02
-2.341894e-02
1.744409e-03
-1.582295e-02
-4.276050e-03
-2.051979e-02
-2.061170e-02
-1.213801e-03
1.327312e-03
6.322497e-02
5.150229e-02
-1.485942e-02
7.006027e-02
1.818745e-02
-7.320141e-02
1.678570e-02
3.209358e-02
-2.608029e-03
2.874195e-03
2.053875e-02
-1.164229e-02
-1.426696e-02
3.666903e-02
5.889467e-02
-9.440102e-03
7.497256e-02
1.433701e-03
-2.399161e-02
2.851034e-02
9.510092e-03
1.833719e-02
-6.286881e-02
5.649222e-03
-1.708546e-02
-2.757889e-02
3.007346e-03
-1.947267e-02
-2.605894e-04
3.451040e-02
-6.752746e-02
2.887901e-03
6.291626e-03
1.824471e-02
9.164885e-04
-2.024009e-02
4.308062e-02
-3.642536e-04
-2.192969e-02
2.440623e-02
1.900018e-02
4.919177e-03
4.206470e-03
-2.245327e-03
2.009703e-02
1.050556e-02
-5.983348e-03
-5.761369e-03
2.306928e-02
2.315038e-02
-1.708779e-02
1.450336e-02
5.387777e-02
2.260748e-02
2.402581e-02
-7.686121e-04
-1.498494e-03
-1.791105e-02
1.394163e-04
-1.468172e-03
-1.472745e-02
-1.870699e-02
3.244426e-03
-3.164674e-04
1.753999e-02
5.193017e-03
1.995553e-02
-1.453630e-02
-1.224425e-02
2.101279e-02
-7.670486e-02
-7.327864e-02
-3.505338e-02
1.026233e-03
-7.871045e-02
-2.073724e-03
-3.339749e-03
-1.689217e-03
7.218186e-02
1.367200e-02
-3.463183e-02
2.647330e-03
1.512892e-02
-4.201153e-03
6.304760e-03
-1.733702e-02
-1.204345e-02
-1.950690e-02
6.035036e-03
-1.553341e-02
2.500823e-02
6.686666e-02
-2.049809e-02
-1.148904e-03
1.107259e-03
-1.894302e-02
1.878319e-02
-1.648894e-02
1.410180e-02
5.215649e-03
-7.362322e-03
5.337865e-04
-6.646918e-04
2.292633e-02
-3.649402e-02
-2.012858e-02
1.933644e-02
-7.472662e-02
-7.733259e-02
2.660677e-02
-2.325597e-02
5.245342e-02
-1.750553e-02
1.834211e-02
-4.439731e-03
1.055128e-02
4.528633e-03
-6.124106e-02
-3.898732e-03
-6.281393e-02
-2.569001e-02
-4.772421e-02
1.730343e-02
-1.889129e-02
-2.502749e-02
-1.960960e-02
6.808749e-02
1.349773e-02
2.072240e-02
6.145730e-02
-7.678290e-02
2.097333e-02
-1.209369e-02
-1.183135e-02
-5.318515e-03
4.030749e-03
-1.918939e-02
-1.298909e-02
-1.569086e-02
-4.186493e-03
-3.819307e-02
-2.538517e-02
-5.123074e-03
-1.951394e-02
-3.491808e-02
1.513551e-02
3.402842e-02
3.728008e-02
1.455189e-02
7.555720e-02
-2.641681e-03
1.599586e-02
6.161959e-04
-3.362370e-03
1.091372e-02
3.430282e-02
-2.140370e-03
-2.860845e-03
-8.640893e-04
5.472685e-03
-2.173837e-02
-8.927401e-04
2.660052e-02
1.781732e-02
3.981623e-02
1.035946e-03
-3.056965e-02
1.265565e-02
-2.181462e-02
5.682949e-03
-2.213828e-02
-4.323729e-02
3.542288e-02
1.153566e-03
-6.384424e-02
2.225789e-02
1.775950e-02
-1.203823e-02
-7.936217e-02
-7.770324e-02
6.208642e-02
1.807331e-02
6.546659e-02
5.569190e-02
3.143024e-03
3.440003e-02
6.421575e-03
-1.607667e-02
-1.229606e-02
-2.435839e-02
-7.980206e-02
-5.343875e-04
-4.475054e-02
-1.036816e-03
7.490658e-02
3.959818e-02
4.525062e-02
-1.624014e-02
-1.706822e-02
-7.561643e-02
2.218130e-02
6.382995e-02
-7.831101e-02
-1.514403e-02
3.619393e-03
-4.232145e-02
-1.313243e-03
-5.615338e-02
-2.203566e-03
-1.885524e-02
4.916667e-02
-1.859106e-02
-2.038282e-03
-1.290548e-03
2.649408e-03
1.959153e-03
-1.860599e-02
3.442498e-02
-1.579366e-02
-2.291274e-02
1.561255e-02
-7.430716e-02
7.631724e-02
-2.474277e-02
4.221043e-03
2.057030e-02
4.088318e-03
-3.665542e-02
-1.668706e-02
-5.939482e-02
-2.245115e-02
3.770763e-02
7.912479e-02
5.950004e-02
-3.850020e-03
-7.458966e-02
2.247960e-02
-5.209597e-02
-7.208375e-03
-5.276529e-03
-3.764855e-03
2.479714e-03
7.433881e-02
-2.489811e-02
4.470141e-03
1.826333e-02
2.110035e-02
-2.233872e-02
-1.327904e-03
8.839551e-05
-2.368142e-02
1.697691e-02
-7.452874e-03
1.954567e-02
-1.922100e-02
2.753451e-03
-1.915489e-02
-5.999903e-02
-9.455949e-05
2.557624e-02
-3.602389e-03
3.090924e-04
-1.849163e-02
-2.753620e-03
4.000433e-03
2.228642e-02
-2.303269e-03
1.456138e-02
-1.801957e-02
4.727716e-03
-3.379714e-03
1.216094e-03
-6.221557e-03
-2.388085e-03
-1.550707e-02
7.869746e-02
-1.927509e-02
-1.894212e-02
-6.125890e-03
4.899986e-03
-2.285454e-02
-2.118645e-02
-7.312406e-02
1.631164e-02
3.521849e-03
7.765572e-02
5.385226e-03
-2.787859e-03
-6.643436e-03
1.722198e-02
-1.972373e-02
1.800002e-02
5.423378e-03
-1.553162e-02
2.884528e-02
3.369467e-02
-5.108597e-02
-4.357520e-02
6.839017e-02
-3.060078e-02
-4.107153e-03
-2.015454e-02
5.659440e-03
4.037816e-02
-5.210810e-02
6.919353e-02
4.429093e-02
7.740912e-03
-1.093330e-02
-1.715074e-03
1.868546e-02
-5.737723e-02
2.358662e-02
7.710909e-02
-3.880157e-03
1.682628e-02
6.286715e-02
-1.910288e-02
6.513117e-02
-5.510563e-04
-1.863786e-02
-2.158380e-02
-5.849976e-02
1.859275e-03
-1.653014e-02
4.332605e-03
2.539305e-02
-7.905956e-02
2.426122e-02
-1.055931e-04
4.215397e-03
2.109648e-02
4.312085e-02
5.921683e-02
-7.701990e-02
2.368728e-02
-1.677230e-02
-3.233829e-03
3.542876e-03
-2.112415e-02
3.525285e-02
1.376520e-02
1.327455e-02
3.617858e-02
-7.264678e-03
2.108281e-03
6.376031e-02
-2.258414e-03
2.656123e-02
-7.519932e-02
-1.548147e-02
1.331766e-02
-3.475944e-02
7.310332e-02
-2.136901e-02
3.686920e-02
-1.337153e-03
6.102620e-02
1.661636e-02
-6.089882e-02
4.774558e-03
-2.085931e-03
3.943798e-03
-5.436026e-03
5.442111e-02
-2.190036e-02
-5.000837e-02
7.683574e-02
-5.711337e-02
-4.143999e-03
-1.604427e-02
4.970348e-03
1.978216e-02
1.403287e-02
-4.763031e-02
-3.815939e-02
-1.242860e-03
-1.756276e-02
-1.619070e-02
3.226790e-02
7.862856e-02
-3.570087e-03
-6.353157e-02
4.092830e-03
3.781994e-02
-2.395310e-02
-6.154084e-02
1.476064e-02
1.820213e-02
-2.054715e-02
1.354600e-02
7.753925e-02
1.739115e-03
-7.951177e-02
5.511650e-02
1.666390e-04
1.799257e-02
-2.532651e-03
4.140457e-02
-3.758908e-02
1.633469e-02
7.904766e-02
-2.314906e-02
5.546024e-03
5.934944e-03
-3.496084e-02
-2.008006e-02
-1.388429e-02
-3.341769e-02
-7.377069e-02
3.895797e-03
1.288529e-02
9.450518e-03
-3.725448e-03
-2.034054e-04
1.976934e-02
1.604772e-02
5.703597e-02
-2.102268e-02
6.546312e-03
5.557342e-02
-1.392475e-03
1.807479e-02
2.006439e-03
4.581044e-02
-1.800475e-02
-2.265758e-02
3.442896e-03
1.783616e-02
5.807592e-02
2.993843e-03
-1.673209e-02
-6.350856e-02
2.120532e-05
1.630009e-02
6.385596e-03
-7.269495e-04
1.414226e-02
2.266575e-02
-3.586793e-02
1.979209e-03
-5.617647e-02
-2.337365e-03
1.278557e-03
4.795178e-03
2.357422e-02
-1.821759e-02
-3.217293e-03
-2.415348e-02
1.684950e-02
-2.023670e-03
-4.295196e-02
7.722173e-04
5.785615e-02
2.023196e-02
5.679020e-02
1.774055e-03
1.494584e-02
5.831826e-02
1.594834e-02
-1.859131e-02
-2.415700e-03
3.719138e-03
-1.570820e-02
3.763691e-02
1.979020e-02
-5.393402e-03
5.482190e-02
2.154703e-02
7.305562e-02
1.712009e-02
2.048404e-02
3.974518e-03
-1.626671e-02
-1.710772e-02
-7.430768e-04
1.996647e-02
2.084516e-02
-1.868161e-02
2.082524e-02
-3.965048e-02
-2.297324e-02
-2.100520e-03
-1.749418e-02
-1.501541e-02
-1.934819e-03
-2.078246e-02
-7.450541e-02
-7.980880e-02
-4.128299e-04
2.843785e-04
-5.877376e-04
1.918312e-02
1.536794e-02
1.057648e-02
-1.805967e-02
5.875712e-03
4.664693e-03
4.319524e-02
-2.362212e-02
2.302386e-02
-1.989086e-02
-6.211509e-02
-1.613700e-02
-2.444566e-02
1.766167e-02
2.271737e-02
2.389867e-03
3.469722e-02
-5.887593e-02
2.513330e-03
-6.519259e-03
-5.778260e-02
-3.876097e-02
-1.784626e-02
-2.400034e-03
-1.560740e-03
2.194103e-02
-1.598879e-03
4.438710e-04
1.603266e-02
-1.912315e-02
1.837365e-02
-3.908425e-02
-2.826761e-04
4.538287e-03
-2.149477e-02
-1.356041e-02
1.717759e-02
-2.348323e-03
-2.382323e-02
2.072103e-02
-1.662953e-02
3.022098e-02
6.348215e-02
-1.843453e-02
-6.189590e-03
1.072918e-04
-6.045318e-02
7.187586e-03
3.212544e-02
2.254936e-02
9.879988e-05
-6.626045e-02
3.435949e-03
-1.603371e-02
-1.112209e-03
5.506457e-02
-3.420565e-02
2.080492e-02
6.769283e-02
1.452445e-02
-1.660212e-02
-1.690696e-02
-7.694186e-02
-2.192131e-02
-1.453455e-02
-3.018483e-02
-4.101545e-03
-2.354217e-02
1.178210e-02
1.288796e-02
-1.539738e-02
-4.287730e-02
5.717780e-03
-8.360673e-04
7.451912e-02
1.487298e-02
2.516121e-02
4.549674e-02
-3.683434e-02
1.443910e-03
-7.861679e-03
-2.170819e-02
-1.792162e-02
1.605454e-04
2.174235e-02
-2.866922e-03
-1.456778e-02
2.061118e-02
-2.159538e-03
5.647702e-02
-4.804012e-02
-1.876006e-02
6.058842e-04
6.910599e-02
-1.488742e-03
-2.128786e-02
-5.840767e-03
-1.914659e-02
-2.425676e-02
-2.020426e-02
-1.986516e-02
-1.821154e-02
1.540325e-02
4.455165e-02
-1.975181e-02
1.735066e-02
-1.911078e-02
-7.103387e-02
-1.637543e-02
1.363596e-02
-4.304193e-03
-2.867258e-04
-1.523776e-02
-1.749754e-02
-6.819817e-02
-5.788131e-02
-7.134931e-02
-4.006067e-02
-9.150922e-04
-1.477164e-03
1.839715e-02
-1.905558e-02
3.258545e-02
-2.254963e-02
-1.603356e-03
-3.128138e-03
-1.781070e-03
1.671291e-02
4.762559e-04
1.404937e-03
1.997062e-03
-2.031254e-02
-7.108319e-02
4.353230e-03
-7.085379e-02
2.002107e-03
-8.698076e-03
-3.248375e-02
-2.384270e-03
2.410083e-02
1.610770e-02
-8.505249e-03
-1.281726e-02
-2.037935e-02
7.510591e-02
3.386776e-03
-1.579942e-02
-3.794130e-02
-2.496209e-03
3.303425e-02
2.005769e-02
1.602905e-02
4.588285e-02
5.303102e-03
-2.453725e-02
-2.667076e-02
7.425455e-02
3.582845e-02
3.924676e-02
1.792897e-02
4.541376e-03
-7.887296e-02
-3.736661e-02
1.602550e-02
2.359079e-02
-4.345926e-03
-7.396255e-03
-9.683393e-04
-1.321581e-02
5.768856e-02
2.224100e-02
-3.173565e-02
1.229350e-02
1.121880e-02
-2.334702e-02
3.493610e-02
6.449986e-03
-2.132734e-02
4.317726e-02
1.437470e-02
-1.337998e-02
2.252903e-03
-2.446771e-02
-6.451889e-03
7.068223e-02
5.899060e-02
2.146988e-02
-1.696838e-03
7.267350e-02
-4.861505e-02
-4.266423e-02
1.794045e-03
1.698087e-02
-1.609114e-02
3.947860e-02
1.530895e-02
2.715595e-03
-1.556552e-02
-1.914531e-02
-2.257201e-02
-5.440674e-03
-1.728843e-02
-3.323175e-04
-6.184630e-02
-2.107115e-04
-4.472709e-04
5.442373e-02
-7.877148e-04
2.240054e-02
2.599883e-02
1.666154e-02
-5.018038e-02
-1.585633e-02
-5.590536e-02
-2.555562e-03
1.713876e-02
-1.737712e-02
1.568238e-02
-1.571207e-02
2.024196e-02
1.405839e-02
-3.943223e-03
5.477797e-03
4.269941e-02
3.010943e-03
1.524596e-02
1.821693e-03
-4.114259e-03
6.636651e-02
-6.578280e-03
7.255458e-02
6.403838e-04
1.723576e-02
5.951394e-02
1.829176e-02
1.670342e-02
5.106979e-04
1.946074e-02
-4.474147e-02
2.098417e-02
3.663317e-02
-4.264307e-03
-3.969466e-02
3.797698e-03
-2.169170e-02
6.103420e-04
5.187183e-02
6.416418e-02
-2.082279e-02
5.690074e-04
-1.643295e-02
-6.493463e-02
2.054575e-02
-2.001683e-02
-5.550004e-03
-2.548780e-02
-6.083281e-02
-2.770363e-02
-2.942241e-03
-3.275561e-03
1.186096e-03
1.692225e-02
4.512750e-02
-1.482884e-03
-1.794797e-02
2.842779e-02
1.709713e-04
1.766199e-02
1.834048e-02
-2.260283e-02
-7.989937e-02
-3.643176e-02
2.614502e-02
1.875783e-02
1.746254e-02
-3.895814e-02
3.663226e-03
-2.259433e-02
-2.364195e-03
-7.506476e-02
3.521921e-02
4.885457e-03
-2.772205e-02
-3.196276e-02
-5.900415e-02
4.330666e-02
1.527633e-02
-2.479441e-02
1.734451e-03
2.328751e-02
-6.664607e-02
1.704092e-02
-2.268861e-02
-2.143408e-02
-2.440547e-03
5.017441e-02
-3.973726e-05
-2.779823e-02
-1.287989e-02
2.193336e-02
-1.397092e-02
7.305377e-02
1.950971e-03
-1.977547e-02
-7.420658e-02
-1.727967e-03
-7.658638e-03
-6.093543e-02
-1.522171e-02
-9.011629e-04
-6.614850e-03
-1.524428e-02
-2.127899e-02
-8.789184e-03
2.782894e-04
-3.026137e-02
-7.227612e-02
-2.060435e-02
7.634581e-02
1.462575e-03
6.886217e-02
-1.695870e-02
4.020404e-03
3.111556e-03
2.247843e-02
-1.967086e-02
-2.355669e-03
-5.362500e-03
-2.020955e-02
-2.335470e-02
1.699996e-02
1.917873e-04
-1.557544e-02
1.735049e-02
2.327685e-04
2.157979e-02
-2.226142e-02
5.492749e-02
2.402784e-02
-6.382088e-03
-7.815653e-02
4.260024e-03
-1.397101e-02
-1.932350e-02
5.208409e-04
-1.285681e-02
2.136592e-02
7.672744e-02
1.524636e-02
-1.526846e-02
1.366288e-02
-7.737790e-03
-5.632296e-02
3.515098e-03
4.064069e-02
2.058217e-02
1.953327e-02
4.885233e-02
-2.647987e-02
1.993508e-02
5.313455e-03
-1.800659e-02
-3.747676e-02
1.421691e-03
-2.063449e-02
-2.297405e-02
-2.529785e-02
-5.055444e-03
2.566066e-02
-1.887844e-02
-6.090540e-02
7.752278e-03
8.679145e-03
1.338022e-04
-5.767921e-02
-3.339564e-03
1.908972e-03
3.316330e-02
3.573303e-02
5.815732e-02
3.041867e-02
6.988321e-02
2.518265e-02
-6.089686e-02
-1.443000e-02
-1.660097e-02
-7.687116e-02
3.457876e-03
1.786177e-03
-2.291771e-02
-1.528834e-03
3.669526e-03
2.235667e-02
-1.326620e-02
4.152146e-03
7.119922e-02
-6.222967e-03
-4.957747e-02
-1.720738e-02
-1.535426e-02
4.076505e-02
-5.970155e-02
1.427824e-03
-1.739542e-02
-4.512244e-03
-1.497749e-02
-2.542467e-02
2.439282e-02
-3.268840e-03
-1.577395e-02
-1.970803e-02
5.370111e-03
-3.689171e-03
-1.846514e-02
2.404294e-02
-3.839915e-02
-6.157946e-02
2.528831e-02
-3.419886e-03
5.622454e-04
-4.100183e-02
-3.786809e-03
-5.914922e-02
-7.232760e-02
4.513574e-03
1.732097e-02
2.049710e-02
2.210116e-02
-1.222841e-02
4.471913e-04
3.902082e-02
-9.380458e-04
1.269639e-03
2.407831e-02
-3.273375e-03
3.613405e-03
-1.670700e-03
1.963245e-02
2.104755e-03
-1.897911e-02
-2.146949e-02
-2.320627e-03
2.120460e-02
-1.462438e-02
1.366211e-02
2.233483e-03
-1.405116e-02
2.357028e-03
-6.384446e-02
-2.166307e-02
2.180168e-02
-2.942672e-02
2.036390e-02
-1.662489e-02
2.130707e-02
1.517358e-02
9.753863e-03
2.132300e-03
-8.924895e-03
-1.979036e-02
-7.703883e-02
-6.464650e-03
-1.477809e-02
-2.841146e-02
-1.758818e-02
-1.837081e-04
5.646920e-03
-1.523673e-03
2.413669e-02
-2.565507e-02
-5.241417e-02
-7.699177e-02
2.592831e-02
1.310672e-03
1.786299e-02
-4.370695e-04
4.717369e-04
1.561555e-02
1.632049e-02
-1.689976e-02
1.401022e-02
-1.672778e-02
1.465730e-02
4.831868e-02
-6.434795e-02
-1.060672e-04
6.880158e-03
-6.637293e-03
-1.649621e-02
2.964671e-02
-2.087557e-03
-1.646224e-02
1.398218e-02
2.768255e-03
-2.800290e-02
2.189986e-03
5.351151e-02
-6.100068e-02
-4.690969e-04
2.473853e-02
-1.723051e-02
6.509140e-02
-7.082238e-02
1.713337e-02
1.997500e-03
-1.332267e-02
5.654545e-03
1.861240e-02
-2.422057e-02
-1.878089e-02
-3.735433e-03
7.894530e-02
2.177713e-02
4.405590e-02
1.961677e-02
4.337019e-02
-5.848033e-03
-1.870413e-02
1.263165e-02
-2.350234e-02
-4.355330e-03
-6.118304e-02
7.337101e-02
6.428345e-02
9.696119e-04
-1.961134e-02
2.023662e-02
-1.367617e-03
-6.529516e-02
3.171682e-02
-1.465935e-02
8.330093e-03
-1.917313e-02
-1.581478e-02
7.345034e-03
-2.523822e-02
2.106465e-02
-6.118999e-02
6.502174e-02
-1.362711e-03
1.223457e-03
1.495982e-02
-5.371060e-03
-1.817526e-02
3.974876e-03
5.031136e-02
-2.372642e-02
-1.119335e-04
-1.794961e-02
2.638854e-03
-5.886239e-02
-1.869081e-02
-2.258549e-03
3.829993e-03
-2.051176e-02
-2.390722e-02
-5.259216e-03
2.175945e-02
-3.152307e-04
-2.285716e-02
2.093766e-02
-3.542911e-02
-7.971129e-02
2.431622e-03
7.253477e-02
-1.581337e-02
1.984303e-02
2.378972e-03
-2.356878e-02
2.042621e-02
5.171064e-03
5.565193e-03
3.669537e-02
1.762106e-02
1.255898e-02
-3.911812e-02
2.103295e-02
-8.545593e-04
-1.406097e-03
-1.442247e-02
-2.016532e-02
-2.379792e-02
1.654702e-02
1.275184e-02
-1.887650e-02
-7.302867e-03
-6.953157e-02
-1.224418e-03
4.557586e-02
-2.145127e-02
3.225041e-03
-2.191319e-02
-5.600095e-02
1.360200e-02
-2.767290e-02
2.734083e-02
-1.798787e-02
-2.120639e-02
5.867182e-02
3.258521e-04
4.898828e-03
-1.837461e-02
1.281885e-02
-3.627031e-03
1.784605e-02
-1.862864e-02
-1.526923e-02
1.916472e-02
1.116589e-03
-1.929173e-02
1.011204e-02
2.234548e-03
-3.838876e-02
4.671743e-03
5.498350e-02
-1.863755e-02
-1.675450e-02
-7.378100e-02
-2.508711e-02
1.116749e-03
-5.580172e-05
-1.360423e-02
-1.485187e-02
3.703022e-02
-5.973997e-02
1.621248e-02
-1.947340e-02
3.843804e-02
-1.966191e-02
1.753473e-02
3.326024e-03
4.005774e-03
-1.575649e-02
2.431792e-02
3.388206e-03
-1.494336e-02
1.199245e-02
4.900599e-02
8.099543e-03
-3.758295e-02
7.512266e-04
3.968910e-02
2.175952e-02
-7.155632e-02
-3.532109e-03
2.101245e-02
6.501524e-02
-4.433572e-02
-6.799812e-02
2.023299e-02
6.064557e-03
-2.151397e-03
-1.353687e-02
-1.613258e-02
-6.445856e-03
1.848293e-02
-1.640696e-02
1.902128e-02
-3.703061e-03
1.010065e-02
1.994660e-02
-1.626809e-02
2.490229e-02
2.096560e-02
1.434019e-03
-1.852706e-02
6.143274e-04
7.000697e-02
1.015854e-03
5.928766e-03
-6.917047e-02
1.770815e-02
-4.331872e-02
2.446700e-03
4.417839e-02
-3.135947e-03
4.133169e-04
-2.530545e-03
-1.893812e-03
1.230238e-03
1.637348e-02
-2.057822e-02
1.164967e-03
2.059622e-02
-3.461886e-03
1.956784e-02
3.867304e-03
1.211135e-02
3.580762e-02
-1.490764e-02
-2.330354e-02
-2.250429e-03
-3.664959e-02
-1.454609e-03
3.568195e-05
-2.212658e-02
1.961177e-02
-1.491743e-02
2.050047e-02
2.461618e-03
-2.592355e-02
2.199533e-02
-4.380086e-03
2.229557e-02
-1.266281e-02
-1.987393e-02
5.633352e-02
-1.772871e-02
-4.796704e-02
-3.112731e-03
-7.580743e-02
4.147094e-04
3.510860e-03
1.653872e-02
-4.596875e-03
6.296880e-04
-8.059898e-04
-1.976828e-02
-3.344310e-02
-3.374180e-03
-1.598210e-02
1.978823e-02
-2.587907e-03
-2.717002e-03
3.556818e-02
-6.139125e-02
3.066337e-03
2.416882e-02
2.227611e-04
-2.249300e-02
-7.670244e-02
-5.226417e-02
-1.446820e-02
-5.137237e-03
2.066093e-02
-7.469847e-02
1.969607e-02
2.443648e-03
-5.565571e-02
-4.116138e-02
2.537270e-03
3.813795e-02
-7.898226e-02
3.290629e-02
-2.277108e-02
7.150104e-02
7.121583e-04
1.262992e-03
1.101890e-03
3.366469e-02
-5.546965e-02
-1.694035e-02
7.988130e-02
8.020682e-04
6.280946e-02
-4.873602e-04
4.407690e-04
9.308343e-04
1.737408e-03
4.486964e-02
-1.922500e-02
1.904512e-02
-3.414296e-02
4.082038e-03
-6.174031e-02
1.922532e-02
1.641228e-02
4.624825e-02
-1.977637e-02
-2.026985e-02
-2.944868e-03
8.753235e-03
-7.195834e-02
-7.019686e-02
4.886652e-02
-2.287990e-02
-8.702456e-03
3.069865e-02
-1.727874e-02
-2.649325e-02
-6.243937e-02
9.034775e-03
-7.484340e-02
-4.213081e-02
-6.332020e-02
-6.482827e-02
-2.204859e-02
-1.646712e-03
-3.607010e-03
-1.791727e-02
2.572407e-03
4.803396e-02
-6.502324e-02
7.558986e-02
1.735773e-02
1.631342e-02
2.384978e-02
4.330968e-03
7.563870e-05
-2.342072e-03
-5.213358e-03
-2.200527e-02
-1.922595e-02
7.387211e-02
-1.551900e-02
-3.183685e-02
1.823258e-02
5.938404e-02
1.070479e-03
4.320757e-02
9.818010e-04
-3.424506e-03
5.539687e-03
2.750523e-03
-1.424990e-02
2.071636e-02
6.301129e-02
3.072881e-03
1.803345e-02
-2.834023e-03
2.892176e-03
1.688285e-02
-2.331664e-03
1.310250e-02
1.367351e-03
3.073648e-04
-1.809967e-02
6.836723e-02
1.819867e-02
1.758739e-02
2.206418e-02
-8.621280e-03
2.141289e-02
-1.311235e-03
2.229941e-02
-1.650008e-02
-2.003267e-02
3.242118e-02
1.782193e-02
-7.386153e-02
4.597986e-02
-1.958706e-02
1.815292e-02
-3.742683e-03
-2.108758e-02
-1.648163e-02
3.520643e-03
-7.860193e-04
-1.789749e-02
-3.017752e-02
1.832684e-02
6.727257e-03
-1.486018e-02
1.279666e-02
5.101576e-03
-1.905311e-02
-1.317630e-03
-1.535574e-02
-7.328184e-02
1.972538e-02
1.787493e-02
1.729324e-02
4.687784e-03
2.254404e-02
-1.411028e-02
5.224135e-03
-6.697197e-02
3.421498e-02
-1.457884e-02
1.946074e-02
1.563098e-02
2.989704e-03
-3.835481e-03
-2.178814e-03
-7.196456e-02
5.987613e-03
-6.151799e-03
5.919383e-03
3.973738e-02
1.482180e-02
8.702115e-04
-2.120941e-02
1.765380e-02
-7.918933e-02
-6.863493e-02
1.745500e-02
-4.141824e-03
2.042499e-03
-5.113506e-03
-2.866719e-03
-5.131975e-04
5.356084e-02
-7.934984e-02
-4.863646e-02
-1.571740e-02
-5.239811e-02
1.760162e-02
2.172692e-02
-2.934500e-03
-1.404406e-02
2.312121e-02
9.470783e-05
-1.870404e-02
-7.577576e-02
-3.216890e-02
1.624338e-02
1.324622e-02
1.957264e-02
5.201467e-02
-1.915544e-02
1.673129e-02
-6.430242e-02
-3.603642e-02
9.379994e-05
3.467429e-04
-1.359956e-02
7.522973e-02
6.297855e-02
-6.131487e-02
-6.136965e-04
1.596578e-02
-5.211969e-03
-3.802720e-04
3.463826e-02
-6.177344e-04
4.973414e-02
3.303902e-03
-1.835214e-02
-4.068247e-03
6.157658e-02
3.666882e-02
1.172022e-03
-4.260488e-02
6.329237e-02
1.838147e-02
1.905430e-03
-5.854583e-02
-3.213877e-03
2.540096e-02
-3.062224e-02
-2.296605e-02
4.823191e-03
-6.664523e-02
3.360273e-03
-2.024386e-02
3.475240e-03
1.321623e-02
-2.288895e-02
3.581797e-02
7.724187e-02
1.397107e-02
-1.790451e-02
-1.323679e-02
2.055917e-02
1.750539e-02
-3.848423e-02
-2.603156e-03
-3.227472e-03
-3.809363e-02
-1.114102e-03
-7.536726e-02
2.472721e-03
-1.838832e-02
-1.576543e-04
2.074320e-02
6.326384e-02
6.214211e-02
2.026186e-02
-1.735992e-02
-1.993652e-02
3.840067e-02
-1.348921e-02
5.174875e-03
5.388426e-02
1.625370e-02
3.744911e-03
5.705962e-03
-1.445718e-02
2.927534e-02
1.836561e-02
1.727613e-02
-4.390831e-03
-1.590540e-02
5.294360e-02
-5.475000e-03
-1.619969e-02
-1.977637e-02
-1.527062e-02
2.033233e-02
2.890605e-02
2.736462e-03
2.739519e-03
-3.346135e-03
1.901821e-03
5.889051e-03
2.808844e-02
2.037391e-02
-1.747926e-02
-4.693782e-02
-1.846299e-03
-2.683309e-04
-1.741432e-02
2.455388e-02
2.472369e-02
-3.936028e-03
1.592331e-02
5.847579e-03
-1.668813e-02
-3.836862e-02
-8.698443e-04
5.901778e-02
-5.502429e-02
-2.240476e-02
-7.223578e-04
5.917792e-04
-2.107555e-02
-2.276581e-02
-2.511788e-02
2.310674e-04
1.227319e-02
2.501299e-02
7.442214e-04
-2.179795e-02
1.744764e-02
-7.899423e-03
6.742082e-03
2.654213e-02
6.072326e-02
-1.897104e-03
2.112632e-03
-1.952835e-02
2.320706e-02
6.826978e-02
-2.049328e-03
-5.557725e-02
-1.804734e-03
1.737344e-02
4.856619e-03
3.898971e-03
-1.613915e-02
2.281952e-03
-7.020034e-02
4.553568e-03
-1.671045e-02
3.531080e-03
1.843129e-02
7.986631e-02
-3.866818e-02
-2.077134e-02
-3.109678e-02
2.962339e-03
-2.245246e-02
-5.246861e-03
1.946261e-02
5.952361e-02
-1.208624e-02
1.147645e-02
7.897922e-02
2.058952e-02
-2.371408e-03
-6.036756e-03
2.203210e-02
-6.754907e-02
1.509135e-02
-4.561487e-03
6.252172e-02
-5.599907e-03
-2.308250e-02
6.816782e-03
1.922248e-02
2.043752e-02
-3.564193e-02
-3.559960e-03
-5.115506e-02
-7.215569e-02
4.967429e-02
-5.738804e-02
-2.143214e-03
-5.643133e-02
-1.320997e-04
-2.186743e-02
6.180846e-02
3.916193e-02
3.766117e-02
4.799655e-02
-1.808264e-02
5.366410e-02
1.521208e-02
1.821440e-02
-1.835125e-02
5.724852e-02
5.086555e-03
-4.195068e-03
-2.010342e-02
-9.972290e-03
1.831106e-02
-1.297237e-02
1.776399e-02
1.671877e-02
2.636530e-03
-1.176735e-02
-3.294633e-02
1.955044e-02
-1.248812e-02
1.803297e-02
2.889720e-02
-3.889707e-02
-1.646333e-02
-1.633045e-02
2.167568e-02
5.966242e-02
1.415846e-02
6.232243e-02
-1.804875e-03
2.973283e-02
5.634869e-03
2.610750e-02
-1.639562e-02
4.716949e-02
3.723024e-03
3.368317e-04
3.451489e-02
-3.825035e-02
2.433523e-03
-4.375951e-03
-1.709603e-02
-4.781192e-03
-5.685838e-02
2.196049e-02
1.999515e-02
4.594557e-02
-6.322979e-04
4.970705e-03
5.314339e-02
6.615806e-03
-1.441798e-02
1.317576e-02
2.142419e-02
-1.643802e-02
8.571053e-03
-1.170148e-02
-5.277090e-02
-1.603016e-02
-1.977088e-02
-2.505427e-02
1.250165e-02
1.993491e-02
6.570843e-04
-3.118456e-02
2.229183e-02
-1.835759e-02
-3.171992e-02
2.472717e-02
5.538648e-02
2.328868e-02
2.300144e-02
1.911702e-02
4.223290e-03
-2.359251e-02
-1.016417e-03
-1.526500e-02
-2.219281e-02
-2.508976e-02
-7.319263e-02
2.278626e-02
1.528927e-02
1.909856e-02
3.562217e-03
-2.015408e-02
-4.966443e-02
3.834995e-03
1.233614e-02
-1.947606e-02
-2.116982e-02
-2.624400e-03
1.546549e-02
2.185762e-02
-9.297372e-04
6.409724e-02
-3.615061e-02
-1.956730e-03
2.082095e-02
6.858043e-02
-1.455584e-02
2.267260e-02
1.916630e-02
-6.961897e-02
-3.292776e-03
5.618863e-03
7.671251e-02
1.693941e-02
6.237600e-02
-5.995026e-04
2.572904e-03
5.711531e-02
3.635866e-02
2.177030e-02
1.737001e-02
1.980238e-02
1.894806e-02
-1.610582e-02
-3.183407e-03
2.420605e-02
-6.295880e-03
-1.951944e-02
-8.044728e-04
1.862617e-03
5.057100e-02
-2.243529e-02
2.870023e-03
-3.214356e-02
-2.149471e-03
2.186818e-03
-1.141762e-04
1.676801e-02
1.075865e-02
-1.678094e-02
-1.649804e-02
3.437134e-04
2.036936e-03
5.338423e-04
-4.147914e-02
3.085075e-04
2.213150e-03
6.978995e-02
1.614130e-02
2.672992e-03
-5.970457e-03
1.261800e-02
-3.529641e-02
-1.571029e-02
-5.266038e-02
-1.835576e-02
4.068987e-02
-2.788174e-02
-6.844287e-02
-7.202985e-02
-2.371383e-02
-4.476155e-02
1.048024e-04
-2.171228e-02
-4.721320e-02
1.735193e-02
2.160118e-02
1.568347e-02
-2.536249e-03
1.949935e-02
1.554592e-02
1.653500e-03
8.162989e-04
3.110151e-03
-1.769653e-02
1.996844e-03
-1.748688e-02
-1.912864e-03
2.734706e-03
5.503444e-02
-4.429376e-03
-1.831792e-02
1.609817e-02
5.777345e-02
2.050073e-02
-4.053449e-02
-2.221577e-02
1.466907e-02
1.767082e-02
5.818997e-02
1.566647e-02
-1.756471e-02
-1.951113e-02
-4.033341e-02
1.662055e-02
1.533315e-02
-2.305607e-03
5.969253e-02
4.508005e-04
7.408846e-03
-3.748822e-02
-1.666332e-02
-1.951857e-02
-5.960045e-02
-1.775437e-02
-2.161226e-02
-4.978896e-03
1.490413e-02
1.284172e-02
-7.990714e-02
5.445224e-03
6.979194e-02
-8.466052e-04
-4.569699e-02
2.624186e-03
-3.596321e-02
-3.521702e-03
1.725390e-02
-1.936672e-02
-1.586047e-02
5.407936e-02
7.951039e-02
5.779208e-02
4.839840e-02
-6.768989e-02
-2.688132e-02
2.192453e-02
6.516102e-03
8.908212e-03
-2.179756e-02
6.130783e-02
1.404104e-03
-4.384851e-02
2.507515e-03
-4.114806e-02
-1.205174e-02
3.529830e-02
5.739464e-02
4.333352e-02
2.101135e-02
-3.930104e-03
-1.401396e-02
-5.159182e-03
-1.956769e-02
-2.243302e-02
-3.066329e-02
-1.788242e-02
-4.761173e-02
-1.918332e-02
-4.575772e-02
1.943471e-02
3.751482e-02
-3.353228e-03
2.199323e-02
-2.277134e-02
2.593730e-02
-1.981711e-02
-3.433532e-03
-1.370547e-02
-2.345939e-02
-1.814824e-02
1.646793e-02
-1.692253e-02
-3.897683e-02
-3.172489e-03
-2.084617e-02
1.861572e-02
-2.119922e-02
-1.602163e-02
-2.344941e-02
4.877341e-02
-2.759466e-03
-2.003011e-02
-6.182811e-04
-1.395666e-02
-6.102858e-02
-4.267894e-04
-3.311140e-03
4.290150e-02
1.151407e-02
2.621439e-02
-3.395140e-03
7.584832e-02
-4.213713e-03
-4.624589e-02
-1.370031e-02
2.706909e-03
-1.889647e-02
1.518619e-02
-1.628955e-02
-1.854269e-02
1.614643e-02
1.988986e-02
-1.824150e-02
-1.424734e-02
1.871289e-02
1.496465e-03
5.900708e-03
-4.186507e-02
2.761258e-03
2.274395e-02
6.409229e-02
-5.203649e-03
1.374090e-03
2.001267e-02
2.242202e-03
1.466590e-03
-1.720973e-03
7.320845e-02
-2.408317e-02
-3.865918e-03
-1.498011e-02
-1.701046e-02
8.165729e-03
-2.052432e-02
-1.918491e-02
1.620408e-02
4.322475e-03
-1.727096e-02
1.832523e-02
-2.654744e-02
2.567497e-04
-1.622448e-02
6.328299e-03
1.416855e-02
2.236090e-03
-2.202976e-02
2.196845e-02
-5.741423e-02
-4.658549e-03
6.399561e-02
-1.675908e-02
1.732360e-02
1.967199e-02
-4.331180e-02
2.732710e-03
-2.093527e-02
1.748194e-02
-1.442869e-02
9.038416e-03
-4.670075e-03
3.114265e-03
-1.131521e-02
2.423716e-03
1.763728e-02
-9.652806e-04
-5.179083e-02
-5.135879e-03
5.792213e-02
-3.593787e-03
1.665702e-02
5.919441e-02
2.050953e-03
-7.054321e-04
-1.722009e-02
-1.550229e-02
1.651675e-02
-8.838280e-04
6.308506e-02
-1.755549e-02
-1.669187e-02
1.701147e-02
-7.047795e-02
1.515538e-02
-3.621196e-02
1.866768e-02
-5.532856e-03
4.611083e-02
-2.127622e-02
8.842798e-04
7.617357e-04
4.996242e-04
3.608334e-02
-3.778445e-03
4.740721e-03
1.361009e-02
2.007143e-02
1.502745e-02
-1.713629e-02
-1.662080e-02
-3.158906e-02
2.359588e-02
5.153653e-03
-2.244916e-02
1.462168e-02
2.020681e-02
-1.670684e-02
2.165506e-02
6.131141e-02
-2.387308e-02
1.820862e-02
-1.229843e-02
-2.291739e-03
-5.038464e-02
1.439778e-03
-1.734972e-02
-1.943906e-03
-2.354903e-02
3.979004e-02
-1.823257e-03
2.019908e-02
5.808584e-02
7.084872e-03
1.751924e-02
-1.858804e-02
-2.263616e-02
1.714516e-02
1.451107e-02
-6.615095e-03
1.654304e-02
-2.239747e-02
-2.488143e-02
-3.372228e-02
-5.955091e-02
1.345949e-03
-1.630410e-03
7.476335e-02
3.965011e-02
-2.123499e-02
2.611373e-02
7.877492e-02
-1.437197e-02
-1.962131e-03
1.883112e-02
-1.152239e-04
-4.689571e-03
-3.273648e-03
-1.457929e-02
4.248539e-02
-5.244173e-03
-4.028525e-02
2.315534e-02
2.137835e-02
-1.408032e-02
3.589069e-03
-1.424211e-02
2.798673e-03
7.814151e-02
5.103360e-02
1.536235e-02
5.248540e-03
-3.711670e-03
6.304929e-02
1.740626e-03
-1.813130e-02
-3.158642e-03
-2.052071e-02
-2.346345e-02
5.813277e-02
-2.307405e-02
3.548252e-02
3.589962e-02
-2.067167e-02
-2.456162e-02
-1.707206e-02
4.305893e-02
-3.836494e-03
6.554397e-02
1.271855e-02
2.750134e-04
9.542303e-03
1.434644e-02
1.611416e-02
6.487639e-02
3.713507e-02
-5.659712e-02
-5.203921e-02
6.659115e-02
5.971306e-02
-1.601889e-02
1.545975e-02
1.635508e-02
-5.373012e-02
-5.555264e-03
-8.306604e-05
2.005439e-03
-1.636219e-02
-6.251932e-03
3.694824e-02
2.783540e-03
-1.816618e-02
1.438347e-02
-1.871123e-02
-3.232129e-02
-1.968064e-02
3.575625e-03
2.057155e-02
3.269769e-03
-3.766504e-04
-1.830290e-02
1.767864e-02
1.889802e-02
1.124277e-02
2.156234e-02
-1.571873e-03
1.759344e-02
-1.936217e-02
7.944560e-02
2.237606e-02
-1.562365e-02
-2.199084e-03
1.727804e-02
-1.750284e-02
-1.577992e-02
-4.391908e-03
1.714097e-02
4.124488e-03
2.667694e-02
-1.062974e-02
1.968939e-04
1.948368e-02
-1.949477e-02
2.294625e-02
5.111342e-03
7.243591e-02
-1.652860e-02
3.264908e-03
-5.667099e-02
3.371481e-05
-1.488300e-02
-2.561685e-03
7.820093e-02
-5.034694e-03
4.969000e-03
1.359000e-02
-1.871702e-02
2.090330e-02
-1.538507e-02
-2.709689e-03
-3.294078e-03
-7.507413e-02
-6.275735e-02
2.439451e-02
-2.060014e-02
-1.646251e-02
2.643659e-02
-3.229537e-02
4.038314e-02
-8.858960e-03
8.260456e-04
1.255883e-03
-2.827523e-03
2.500521e-03
-3.907662e-03
-1.822678e-02
3.285240e-03
-1.799125e-02
2.933860e-02
-6.036554e-03
7.848963e-02
1.766103e-02
2.517080e-02
7.348543e-02
3.503327e-03
2.763835e-02
5.911588e-03
1.649380e-02
4.929914e-03
-2.141329e-02
-2.020362e-02
-5.506474e-03
-5.646833e-02
2.110392e-02
-1.302020e-02
-4.032837e-02
-5.224034e-03
4.594768e-03
-1.775739e-02
-3.567662e-03
9.045042e-05
-2.213910e-02
-4.393531e-02
1.590122e-02
4.244979e-04
-6.473017e-02
-1.985123e-02
-6.632277e-04
-5.234288e-04
-1.877273e-02
-2.134767e-02
3.398053e-02
-1.731765e-02
-2.238370e-02
-1.470827e-02
1.503378e-02
6.832462e-03
-2.623698e-02
-6.376918e-02
2.726038e-02
5.264866e-02
-4.008940e-03
-2.331072e-02
-5.928509e-03
1.374209e-02
2.035608e-02
-4.172746e-03
-1.772092e-03
-1.657329e-02
2.104509e-02
5.719968e-03
2.838657e-03
4.661434e-02
-6.451357e-02
-1.113058e-03
2.592257e-03
-2.050237e-02
4.110918e-02
-4.227891e-03
2.176134e-03
7.830906e-02
2.170140e-03
7.697213e-02
-1.527684e-02
-8.151403e-03
-7.674441e-02
-1.294750e-02
7.926717e-04
-1.719833e-02
1.549296e-02
-5.616723e-02
-1.804032e-02
8.806355e-05
2.846090e-03
1.924706e-02
9.680680e-04
4.188649e-02
2.309802e-03
-3.989817e-03
-2.695891e-02
-1.187028e-03
-2.329797e-02
-2.114389e-02
-2.299806e-02
-3.748460e-02
1.711811e-02
4.141679e-02
1.395996e-03
1.865189e-02
4.853183e-02
5.199750e-02
7.271985e-02
4.790198e-02
2.364244e-02
-9.103210e-04
4.936646e-03
-6.454239e-02
1.433223e-02
6.010825e-02
-2.994607e-04
4.198340e-02
-2.558154e-02
1.450388e-02
-1.439321e-03
7.541032e-02
-1.585038e-02
3.883053e-02
-1.437173e-02
2.161908e-03
-5.079111e-03
-1.528728e-03
2.130887e-02
7.238609e-02
-2.402809e-03
-7.018242e-02
-4.535122e-03
2.217012e-02
-2.568482e-02
1.300872e-03
3.712531e-03
-4.795461e-03
2.406923e-03
8.955507e-03
6.153181e-02
5.256268e-02
1.981131e-02
-2.348618e-02
-3.883583e-02
7.665721e-02
1.815693e-02
-1.146754e-04
-1.909613e-02
-3.308031e-02
-1.056391e-04
2.176059e-02
4.481515e-02
7.405775e-04
-1.737278e-02
2.589463e-02
2.118272e-02
-2.349896e-02
-3.496574e-03
2.019494e-02
1.980897e-02
1.357826e-02
-4.164124e-03
6.613768e-02
7.091986e-04
1.910088e-02
4.023046e-03
1.617197e-02
-1.310876e-03
-1.989321e-02
8.425936e-05
-2.053617e-03
2.006492e-02
-8.613104e-04
-2.714939e-03
-5.294441e-04
3.894578e-03
-4.518184e-02
-2.083381e-02
-1.884405e-02
-1.482171e-03
-1.877080e-03
2.340560e-04
2.371859e-03
1.663673e-02
3.424555e-02
-7.885816e-04
1.291384e-02
-2.160579e-04
4.507230e-03
3.333070e-03
3.912904e-04
-5.607159e-02
1.637321e-02
2.248080e-02
-1.813038e-02
2.148764e-02
-3.533090e-03
-1.792288e-02
-2.185341e-03
1.217725e-03
5.435067e-03
1.827381e-02
9.945061e-04
-2.110814e-02
2.044768e-02
-3.036329e-02
-1.914382e-02
1.271510e-02
4.032550e-03
5.752601e-05
1.605518e-02
-2.022407e-03
-4.333076e-02
1.779403e-02
-1.961806e-02
-3.747123e-02
1.989008e-02
-8.234134e-04
-1.497718e-02
-1.836896e-02
-1.601044e-03
-3.544671e-02
-1.700871e-02
1.266095e-02
-3.495358e-02
6.263490e-03
2.211183e-02
-5.957025e-02
-1.426072e-02
-1.220294e-02
2.215055e-03
-3.874190e-02
-2.543044e-02
2.107199e-02
8.266756e-04
-4.463061e-03
2.231527e-02
3.228692e-02
-3.064581e-03
1.830982e-02
-1.849100e-02
4.026960e-02
-1.930942e-02
-5.690759e-02
3.440962e-03
-3.528259e-03
2.571949e-04
-3.795578e-02
-2.075700e-02
-3.134999e-03
1.962144e-02
-6.070246e-04
-2.882045e-04
-1.274361e-03
-1.789067e-02
-4.327415e-02
1.467018e-02
1.324800e-02
3.243717e-02
1.121726e-02
2.298212e-02
1.916002e-02
-1.548519e-02
-1.009162e-03
6.492402e-02
-5.058407e-03
-1.468817e-02
-5.850012e-02
4.186611e-03
-5.298842e-02
7.766052e-02
4.233958e-02
1.747430e-02
-6.422506e-02
-1.831301e-02
-1.255139e-03
2.413111e-02
-1.776133e-03
2.508735e-02
-1.419850e-03
-4.507769e-03
-3.716788e-02
-1.940655e-02
-2.999304e-02
6.820571e-04
1.774394e-02
-4.383689e-04
-3.525703e-02
-3.724071e-02
1.333443e-02
-1.975495e-02
1.827153e-02
2.330461e-02
-1.197527e-03
-1.406743e-02
7.811414e-03
-6.829435e-03
-2.130608e-03
-3.788375e-02
-2.379616e-03
-1.297462e-03
-6.871678e-03
6.735049e-02
3.336622e-02
-8.991674e-03
7.343639e-02
1.806999e-02
-2.034874e-02
-1.372014e-02
-1.367620e-02
-2.023188e-02
1.791933e-02
1.653163e-03
1.326123e-02
3.165415e-04
1.709470e-02
1.209521e-02
-5.941395e-04
6.912667e-03
-5.912875e-02
5.990708e-02
1.436375e-02
-3.552509e-02
-3.908512e-03
2.008590e-02
3.194161e-02
5.045086e-03
-5.280710e-02
3.727399e-03
2.048275e-02
2.869052e-03
2.146875e-03
1.586010e-02
-3.483953e-02
2.435202e-03
5.773989e-02
1.468952e-02
9.887911e-04
1.466665e-02
-4.726812e-02
-1.827850e-02
2.670098e-02
1.270309e-02
-2.178956e-02
1.385328e-03
-5.573285e-02
-1.770876e-02
3.695819e-02
-2.777043e-02
1.767823e-02
-4.378121e-04
3.095949e-03
2.015736e-02
-6.560479e-02
1.430183e-02
4.461237e-03
6.551691e-03
-2.049032e-02
-2.018754e-02
1.996084e-02
1.766424e-02
-6.538965e-04
1.785747e-02
6.380918e-02
-1.844011e-02
7.360724e-02
9.556688e-05
-7.897746e-02
-2.760424e-03
1.953534e-02
2.877258e-03
-2.674957e-03
1.611007e-02
-6.422497e-03
7.832531e-02
-1.131648e-03
2.318047e-05
-1.856243e-02
1.415173e-02
2.259825e-02
4.300630e-02
-1.912846e-02
-1.737008e-02
-1.230527e-02
-1.600617e-02
3.717767e-03
-1.360583e-02
1.923167e-03
-6.001792e-03
-1.613330e-05
1.816899e-02
-1.829910e-02
-2.238225e-02
2.511413e-02
-9.531131e-04
-1.660973e-02
-2.138399e-02
5.017780e-03
3.703673e-02
8.297377e-04
-2.274910e-02
3.981778e-02
-3.175300e-03
-8.988249e-03
1.530346e-02
1.482897e-02
5.921433e-02
2.086805e-02
-2.015061e-02
6.593011e-03
-6.162952e-02
2.304535e-02
1.983891e-02
-5.939271e-04
-1.765505e-02
-3.307727e-03
-2.076175e-02
1.395050e-02
-2.092069e-02
1.610562e-03
3.883666e-03
5.483058e-04
-2.577383e-03
-1.127839e-02
-1.704520e-02
4.015824e-03
1.648815e-02
1.925378e-02
-1.878300e-02
-7.078294e-02
9.582048e-04
-6.732602e-02
-1.447830e-02
2.465921e-02
-1.572820e-02
-1.573478e-02
1.209921e-03
-2.135683e-02
-3.314688e-02
-1.803851e-02
-3.879917e-02
7.916210e-02
2.159112e-02
-4.196658e-02
1.382117e-02
-2.185931e-03
6.008047e-03
3.712696e-02
1.640970e-02
1.572168e-02
3.502324e-03
-3.205114e-03
-1.895926e-02
2.250038e-02
-3.931343e-02
-3.442516e-02
1.873015e-03
3.170818e-03
-2.135688e-02
1.274770e-02
1.455360e-02
-4.240354e-02
3.607019e-02
-3.041568e-02
-1.940191e-02
-3.774227e-02
-5.584456e-03
1.447668e-02
4.121471e-02
-4.475207e-03
2.400558e-02
2.602231e-02
-2.408223e-02
1.281993e-02
2.323464e-02
7.491541e-02
-3.859011e-02
-1.934915e-03
7.890203e-02
5.461544e-02
-1.582939e-02
2.277761e-02
5.697371e-02
3.369507e-03
2.475460e-02
-4.890826e-02
-4.629912e-04
4.648205e-02
-1.831329e-02
-5.375910e-02
1.643624e-02
5.752375e-02
2.577527e-02
2.107926e-02
-4.644554e-03
-5.756798e-02
-2.011933e-02
5.169421e-02
-2.056257e-03
2.733277e-03
1.494964e-02
-1.055482e-02
-6.196534e-03
-1.497276e-02
5.192527e-03
3.607023e-02
-2.616255e-02
-5.494296e-02
4.190071e-03
-2.169188e-02
-1.615492e-03
-3.383025e-03
6.941730e-03
-1.732821e-02
1.751039e-02
1.743747e-02
5.347983e-03
-1.798070e-02
-3.723388e-04
1.672152e-02
-1.003570e-03
-1.906344e-02
6.956609e-02
-1.912353e-02
4.795108e-03
1.719929e-02
-2.265713e-02
2.040761e-02
-7.247721e-02
4.669816e-02
-1.593202e-02
-1.762849e-02
6.982246e-02
2.256612e-03
-2.299281e-03
-2.063508e-02
-1.968751e-02
-4.617650e-02
5.425092e-03
-1.754971e-02
3.904889e-03
3.807228e-03
-1.676757e-02
-2.895128e-03
2.001042e-02
-2.155321e-02
6.747783e-03
-4.871956e-02
1.479101e-02
-1.996266e-03
5.444217e-03
-3.720820e-02
-2.943311e-03
1.651538e-02
-1.906255e-02
1.107688e-03
2.624722e-03
-1.766857e-03
1.946883e-02
-1.628171e-02
-6.230127e-03
-1.400125e-02
4.553522e-03
-2.269635e-03
-9.743286e-04
-2.863100e-02
-2.116194e-03
1.709914e-02
2.057600e-03
1.655809e-03
-1.276883e-02
-4.082097e-03
6.905184e-04
1.462889e-02
-7.383909e-04
3.027544e-03
-3.424230e-02
1.809242e-02
9.051473e-04
1.180233e-03
3.469641e-03
-1.449686e-02
-1.684022e-02
1.887586e-04
-5.822732e-04
-5.673266e-02
-7.502140e-02
-1.675848e-02
2.145965e-02
1.141506e-02
-2.401316e-02
7.013865e-02
3.251368e-02
-1.786525e-03
3.031581e-02
-1.827250e-02
1.406838e-02
-2.163150e-02
-6.475658e-04
-5.829782e-02
-6.695932e-02
-2.365957e-03
-6.723201e-03
-1.549350e-02
2.446031e-02
1.219132e-03
3.157971e-02
2.060700e-02
1.526906e-02
-1.395619e-02
-1.243883e-02
-3.636648e-03
3.145230e-03
5.849608e-04
1.853984e-02
-4.881749e-03
5.652975e-03
-3.650938e-02
-2.130350e-02
-7.794731e-04
-1.977230e-02
5.290758e-02
-1.944662e-02
3.857091e-03
-3.524001e-02
1.686732e-03
1.542499e-02
1.364185e-02
2.214161e-02
1.934895e-03
9.153810e-03
-1.031376e-02
-2.569881e-02
-2.680788e-03
6.792354e-02
-2.544997e-03
2.208344e-02
4.938560e-03
-6.416415e-04
-4.592022e-02
1.233820e-03
3.604397e-02
-2.100185e-02
1.761382e-03
-1.188676e-02
1.815580e-02
3.891207e-02
1.723445e-02
5.048300e-03
-1.972440e-02
7.710160e-02
-2.126330e-02
-1.425520e-02
5.457735e-03
-6.696583e-04
4.509362e-02
-6.148554e-02
2.165213e-02
-7.821688e-02
1.805915e-02
4.119125e-03
-1.805168e-02
-2.230199e-02
7.161345e-05
-7.086183e-02
2.108287e-02
-7.252442e-02
1.750482e-02
-1.493447e-03
1.767099e-02
1.736713e-02
-3.642257e-02
-2.302435e-02
5.125382e-04
-6.105113e-02
1.829908e-02
-2.170792e-02
-1.747614e-03
1.532843e-03
-1.615149e-02
2.095545e-03
-1.133745e-02
-4.296603e-04
-1.583049e-03
2.126853e-03
-2.113840e-02
-1.775587e-02
1.409339e-02
1.897622e-03
2.104541e-02
1.797667e-02
1.555276e-02
-1.176706e-02
2.040980e-02
2.151995e-02
-4.367803e-02
5.425117e-04
1.546713e-02
1.867288e-02
3.472207e-02
-2.135806e-02
-1.336977e-02
-1.642576e-02
-2.605593e-02
2.045940e-02
4.583604e-03
-2.419240e-03
3.640751e-02
1.882918e-02
1.575573e-03
6.610110e-02
-2.803666e-02
1.176199e-02
-7.553878e-02
2.119727e-03
-2.938501e-03
4.793620e-02
1.935159e-02
1.690345e-02
-1.797186e-02
-1.854770e-02
2.100817e-02
-1.785826e-02
-1.986221e-02
3.835450e-02
-1.980660e-02
2.439995e-03
-1.995116e-02
3.295387e-03
-3.838550e-03
-2.389300e-02
2.007257e-02
-1.445526e-02
-4.134847e-02
-1.237566e-02
-1.702749e-02
2.227468e-02
-2.005043e-02
-1.385688e-02
7.819224e-02
1.828820e-02
1.119442e-02
-4.032536e-03
-2.093294e-02
-5.394860e-02
2.400610e-03
-2.439437e-02
-2.111529e-03
4.422198e-03
-3.000356e-02
5.866913e-03
-1.464311e-03
1.796347e-02
3.269122e-02
4.521205e-02
-2.298495e-03
1.419398e-02
3.843479e-02
-1.915341e-02
4.527913e-03
-7.643062e-02
-1.286447e-02
7.828303e-03
-9.352687e-04
-3.723065e-02
2.471276e-03
4.486903e-03
-6.482425e-03
-1.891584e-02
-1.819906e-02
-1.816222e-02
1.864303e-02
-6.830719e-02
-2.763468e-03
4.169919e-03
-2.421458e-02
-1.777884e-02
-1.887807e-02
1.967590e-02
1.591770e-02
2.242976e-03
5.828769e-04
1.844301e-02
1.601381e-02
-2.849643e-03
-1.683141e-03
2.289698e-02
1.147260e-03
5.509300e-02
1.394815e-02
-1.774958e-02
-1.266019e-02
-1.248305e-02
-7.009158e-03
2.382374e-02
-1.365914e-02
1.144106e-03
-3.774691e-03
1.922926e-02
3.042246e-03
-2.357809e-02
7.549963e-02
-5.650049e-02
3.417913e-03
-1.858200e-02
-2.612880e-03
-2.567145e-03
-6.955474e-02
2.005647e-02
-2.089256e-02
-3.883975e-03
3.068866e-03
2.019890e-02
6.503064e-04
2.073104e-02
1.125086e-02
1.676055e-02
-7.556222e-04
5.985966e-02
-4.826773e-02
-1.715762e-02
-2.376652e-02
-1.750247e-03
3.955331e-03
-2.208377e-02
1.917841e-03
-1.621271e-02
6.143341e-02
-1.756917e-02
3.845983e-03
-1.871257e-03
-1.797118e-02
4.867741e-03
4.694017e-04
-2.008849e-04
2.954757e-02
1.041102e-03
4.911314e-04
-1.694811e-02
-2.114003e-02
-2.207531e-02
1.811045e-02
-4.243756e-02
-2.959474e-02
1.659643e-03
-5.601445e-03
-1.548475e-02
-3.201378e-03
1.600691e-02
1.888093e-02
-2.007421e-02
-4.434499e-03
1.746976e-02
-1.425590e-02
-1.791157e-02
1.269786e-02
-7.814836e-02
2.155670e-02
-1.761486e-02
-3.915723e-03
-2.602249e-02
-2.091217e-02
6.416260e-02
-3.724211e-02
-2.203422e-02
3.216837e-02
-3.505299e-02
-6.346189e-02
3.960021e-04
-7.587385e-02
-6.312304e-02
-4.530579e-03
5.491113e-02
-5.646532e-03
4.929299e-02
-7.890769e-02
2.382811e-03
2.096251e-02
1.507778e-02
1.209973e-02
7.667826e-02
1.964530e-02
5.535256e-02
7.343383e-02
5.637328e-03
7.382984e-02
-4.097503e-03
-1.244632e-02
-1.827941e-02
-1.578792e-02
-5.201377e-02
-2.191428e-02
1.043338e-03
1.815784e-02
3.962969e-03
4.862785e-02
1.894835e-03
-6.655946e-03
6.878966e-04
-4.599939e-02
-3.838389e-02
1.264245e-03
1.575653e-02
-2.378252e-02
6.588456e-03
7.847927e-03
2.076390e-02
1.018254e-03
-1.130360e-03
-3.972253e-02
1.722313e-02
-2.057507e-04
-2.094019e-02
2.155004e-02
-4.683033e-03
2.178199e-02
-1.342765e-02
2.191204e-02
-1.524200e-02
-2.379028e-03
-2.219956e-02
7.623396e-03
2.108822e-02
1.280733e-02
-2.495694e-03
-2.161966e-02
-2.341952e-02
2.183755e-02
-4.155191e-02
1.080852e-02
2.228693e-02
3.874721e-02
2.840478e-03
1.509654e-02
1.813488e-02
3.944316e-03
-1.303158e-02
-2.537651e-02
1.728637e-04
-3.232184e-02
1.863000e-03
-6.682525e-03
-7.742417e-02
4.249543e-02
1.827375e-02
-6.347362e-02
6.667651e-02
1.870502e-02
-2.364210e-02
1.575277e-02
1.265441e-03
-1.762742e-03
-4.314523e-03
1.976180e-02
5.477989e-03
1.563911e-02
-1.632119e-02
-3.421568e-02
2.817291e-03
3.320677e-03
2.302977e-02
2.302404e-03
1.242244e-03
-1.235023e-02
-1.689321e-02
-2.466126e-03
-2.903106e-02
4.761921e-02
-7.700246e-02
9.064473e-05
1.442739e-02
4.202010e-02
7.534398e-02
1.129257e-02
-2.070469e-02
1.642261e-02
2.326121e-02
-5.990961e-02
2.487895e-02
-2.217854e-02
-1.439958e-02
1.586381e-02
-3.442619e-02
3.791957e-02
7.915209e-03
2.270294e-02
-1.685775e-02
-1.779105e-02
5.333426e-02
-3.168187e-02
1.473936e-03
-1.643545e-02
1.845212e-02
2.684863e-02
-2.496046e-02
6.232680e-02
-8.477258e-04
6.196387e-02
-3.287309e-02
5.852679e-03
3.075392e-02
-2.440770e-02
-8.843201e-04
-2.475715e-02
-1.786725e-02
4.319782e-02
4.061535e-04
-4.169115e-03
-1.907056e-02
-5.849675e-02
7.897147e-02
4.182401e-02
-4.959559e-03
1.855501e-02
5.603531e-02
-2.931797e-03
2.527700e-03
2.395857e-03
-2.697081e-04
1.217621e-02
2.176991e-02
-5.228211e-03
2.328497e-02
-5.805042e-03
6.290956e-02
2.027312e-02
-1.860930e-02
-2.549063e-02
-7.760326e-02
6.325640e-03
-3.276050e-02
-1.701220e-03
-6.308980e-02
-2.016322e-02
-4.066432e-02
3.439685e-02
1.684701e-02
6.052910e-02
-1.924342e-02
7.124937e-02
-6.219208e-02
2.507748e-03
-6.808652e-04
5.934271e-03
2.344064e-02
4.979175e-02
-2.922006e-06
-6.656092e-02
-2.463962e-02
1.775017e-02
1.670324e-02
-6.213794e-02
1.451968e-02
1.644568e-02
-1.805780e-03
-1.636822e-02
7.723257e-02
-1.297445e-03
3.155730e-04
-5.216580e-04
-2.475977e-02
2.409881e-02
6.119426e-02
-1.780375e-02
-7.453111e-03
2.166328e-02
-2.571169e-03
-7.399461e-02
-4.832808e-02
2.171475e-03
3.403307e-02
-7.623607e-03
5.817941e-04
-1.919932e-02
6.709190e-04
1.611476e-03
-7.538923e-02
-3.398920e-02
-1.557810e-02
3.161545e-02
5.219180e-02
-2.267561e-02
7.731890e-03
4.616536e-04
-2.129606e-02
-2.663463e-02
-1.534414e-02
-1.270636e-02
-9.495668e-03
-2.125508e-02
2.700106e-02
1.720424e-02
1.728540e-02
-4.240050e-04
5.931666e-04
-6.765167e-03
3.771994e-02
5.101451e-02
1.562732e-02
-1.955795e-02
-1.934016e-02
1.702281e-02
2.241513e-02
-2.150106e-02
5.289166e-02
1.628805e-02
-7.408741e-02
1.509035e-02
3.038832e-03
-4.015427e-03
-1.931098e-02
-2.509250e-02
6.467720e-02
1.460716e-02
1.831517e-03
-3.157339e-02
1.973114e-03
-1.941751e-02
-2.160886e-03
-6.051430e-03
6.181581e-02
-1.978059e-02
2.699578e-02
1.133702e-03
2.166331e-02
5.474239e-02
-6.905492e-04
-8.247447e-03
2.318596e-02
-9.585693e-04
-1.382220e-03
-3.346002e-03
-1.588032e-02
-5.915827e-04
1.470966e-02
1.982576e-03
1.893284e-02
1.772928e-02
1.695451e-02
-5.220789e-03
-3.406261e-03
-5.672794e-03
3.811445e-03
3.449646e-04
-3.975866e-02
-1.972045e-02
2.775227e-04
1.097170e-03
-3.077860e-03
-1.685048e-02
-3.777806e-02
4.313316e-02
-4.621955e-03
-4.117187e-03
3.687153e-02
1.749143e-02
2.257692e-02
-6.416773e-04
2.250955e-02
-3.426796e-02
1.672288e-02
-7.179473e-04
4.234919e-03
-6.184990e-03
1.246673e-02
1.956057e-03
-1.708340e-02
-4.793454e-02
-7.574376e-02
7.086775e-02
-2.000824e-02
1.514962e-02
6.072622e-02
1.127584e-02
-5.241598e-02
-1.790334e-02
1.535441e-03
-7.117395e-02
1.314551e-02
3.729773e-02
4.082555e-02
-6.330485e-02
2.480357e-02
5.360186e-03
4.688765e-02
-5.845999e-04
-1.403885e-03
2.411057e-04
1.777822e-03
-2.048167e-03
-5.060229e-02
-2.634894e-02
-2.415232e-03
-5.953209e-03
2.115466e-02
7.021931e-02
2.096764e-03
-1.547428e-02
-1.658633e-02
7.149768e-02
-8.384443e-03
1.943829e-02
-6.465564e-03
1.807648e-02
-5.143237e-03
-6.326093e-03
4.159851e-02
-1.753232e-02
3.850458e-02
-2.145128e-02
2.573551e-03
-4.881692e-02
-2.381767e-02
-1.877758e-03
-1.732917e-02
-5.781854e-03
1.695429e-02
-1.775835e-02
-6.304020e-02
-5.836826e-03
-1.876334e-03
-2.068181e-03
1.011766e-03
-7.847995e-02
1.038399e-03
2.468867e-03
2.172204e-02
1.815770e-02
1.875797e-03
1.364560e-03
1.665601e-02
6.467306e-02
-2.759895e-03
8.672801e-04
1.979227e-02
-1.358088e-02
-5.042865e-03
-1.614434e-02
4.375401e-03
3.138794e-03
1.716876e-03
-2.761383e-03
-1.943555e-02
2.276746e-02
-1.671559e-02
4.021538e-02
-7.652986e-02
-1.656469e-02
1.950461e-02
-1.615912e-02
6.999885e-03
7.269662e-02
-1.288873e-03
-7.545513e-02
-5.809540e-03
3.772609e-02
2.208880e-02
-1.736148e-02
-2.270675e-02
-1.791333e-02
-1.506086e-02
-5.425530e-03
3.510223e-02
2.707142e-02
-1.353042e-03
2.467880e-03
1.743859e-02
-2.324559e-02
1.468584e-02
-1.474718e-02
7.102339e-03
1.158935e-03
-2.015242e-02
-3.801008e-02
1.861322e-03
1.610986e-02
3.138847e-03
-2.685509e-03
-2.029653e-04
5.061090e-03
-2.113340e-03
1.843842e-03
-3.434355e-03
-5.857427e-02
-4.089160e-02
-6.976165e-02
-1.678955e-02
6.177915e-04
2.083733e-02
-3.096778e-03
-2.529016e-02
1.777467e-02
-7.471011e-02
2.587589e-02
-1.957408e-02
-3.695602e-03
5.382344e-02
1.649992e-02
-7.602760e-03
2.977999e-02
3.438849e-03
1.734924e-03
1.801607e-02
-1.265339e-02
-4.490761e-03
1.936224e-02
6.062142e-02
-1.677321e-02
-1.855624e-02
-2.146092e-02
6.274710e-02
-1.838676e-02
-1.550504e-03
-1.965444e-02
-1.556059e-02
-1.454875e-02
5.835754e-03
-2.165567e-02
4.031703e-02
-1.263802e-03
-6.772785e-04
4.475576e-02
-6.160894e-02
2.261011e-02
-2.374332e-02
-3.565436e-02
1.509871e-02
2.178676e-02
1.988682e-03
-2.185510e-02
5.763570e-02
2.113520e-02
-6.828752e-02
-8.412219e-04
-1.348477e-02
-1.146807e-02
-2.688003e-02
-7.973395e-02
-1.368045e-02
-2.230200e-02
-1.967998e-02
-2.262707e-02
1.833998e-02
-2.142588e-02
-2.248513e-02
6.169316e-02
1.048221e-02
3.072183e-02
-1.762568e-02
7.764426e-02
2.224517e-03
-5.977696e-02
-1.693388e-02
1.591446e-04
-4.296791e-02
2.168243e-02
1.676291e-02
1.327185e-02
-4.356986e-03
-4.576443e-02
-1.662033e-02
-1.836237e-02
-4.327150e-02
-3.651937e-02
-4.293043e-03
-3.714158e-02
1.603803e-02
2.551020e-02
-2.387122e-03
-7.325663e-03
-3.147256e-03
-6.335894e-02
1.610631e-02
5.527507e-02
4.453146e-02
2.315330e-02
-8.140457e-03
2.474903e-02
-4.840994e-03
-1.587614e-02
2.078664e-02
2.508808e-02
-1.686818e-03
1.892918e-03
2.605204e-02
4.871611e-03
-6.774187e-02
-5.132559e-02
1.362450e-02
4.893925e-03
-6.693782e-02
1.587026e-02
-5.575407e-02
-1.176266e-02
-3.945410e-03
1.829671e-02
1.268647e-02
9.410878e-04
4.217897e-03
-1.918030e-02
6.072531e-03
1.324318e-02
-3.992488e-03
6.678140e-03
5.349831e-03
-7.788161e-02
-7.260774e-04
2.087614e-02
6.353319e-02
-3.106570e-02
-2.120370e-02
2.124588e-02
2.378964e-02
-1.225213e-03
8.786388e-04
1.419601e-02
-1.439242e-03
4.661643e-03
-4.408105e-03
1.363366e-03
-3.160036e-02
7.077384e-02
-1.821589e-02
1.950325e-02
-1.830548e-02
5.995630e-02
-2.251835e-02
2.025073e-02
-2.406574e-03
-2.440538e-02
-1.723938e-02
-3.277554e-03
-2.138424e-02
4.341740e-03
-6.650198e-02
2.618423e-03
5.955484e-02
-8.123743e-03
4.098252e-02
1.663887e-02
-6.424686e-03
-1.439698e-02
-1.275328e-03
-1.847258e-03
-6.548902e-03
1.495930e-02
-2.678829e-03
-6.219581e-02
-2.276036e-02
-1.572023e-02
2.353279e-02
1.756258e-02
-7.613972e-02
-6.218965e-02
3.148676e-02
-3.384818e-02
-9.421643e-03
2.347838e-02
-3.268375e-02
-3.536724e-02
1.151858e-03
2.654202e-03
2.358997e-02
-2.115222e-03
5.411233e-04
-3.215698e-04
-1.082007e-03
7.358414e-02
5.510637e-03
4.816503e-02
-1.297903e-02
-2.071846e-03
1.606883e-02
7.983934e-02
3.213656e-03
-1.750032e-03
-1.864034e-03
2.381192e-04
1.289387e-02
4.149165e-02
-1.496299e-03
3.287541e-02
5.898474e-02
7.108007e-02
5.228868e-03
6.542456e-03
-1.909813e-02
2.159242e-02
6.501455e-02
3.340540e-04
2.015184e-02
-2.075827e-02
2.328668e-02
-2.093856e-03
-2.367298e-02
-6.612965e-02
5.295796e-02
-3.568497e-02
-5.583674e-02
2.347598e-02
-2.205558e-02
3.261978e-03
-2.306534e-02
1.953121e-02
1.589799e-02
2.369209e-02
-2.638475e-04
1.457947e-02
2.276177e-02
-2.373580e-02
4.709691e-03
-4.626572e-03
-1.404108e-02
-3.836157e-02
1.667647e-02
-5.459668e-02
4.016975e-04
7.390446e-02
2.015041e-02
1.435128e-02
-3.569884e-03
2.812843e-03
7.992677e-04
-2.774750e-03
1.164895e-03
-4.467730e-03
1.174577e-02
3.303625e-03
1.620958e-02
3.153142e-03
7.839002e-02
-1.511144e-02
-3.717259e-05
-5.979390e-03
-1.628574e-02
-1.944604e-02
1.944587e-03
9.133695e-04
-2.702741e-03
-4.072985e-02
1.659322e-03
5.658666e-03
3.158049e-03
-1.173502e-03
6.339365e-02
-7.264257e-02
-1.293703e-02
6.331626e-03
1.925207e-02
-1.931209e-02
7.670257e-02
-3.127800e-02
9.938235e-03
-2.479396e-02
1.814775e-03
-1.594857e-02
-1.962743e-02
-5.783141e-02
6.658028e-02
2.016161e-02
-2.120956e-02
1.802147e-02
2.381549e-03
9.162173e-03
1.530109e-02
-1.173956e-03
5.761979e-03
5.254722e-03
-2.475927e-02
6.194766e-02
4.536410e-03
1.893599e-02
2.464611e-02
1.498983e-02
-1.983003e-03
-1.539160e-02
1.202931e-03
1.660176e-06
-7.784148e-02
-3.543084e-03
1.365942e-02
-1.161642e-03
7.289622e-02
-6.406356e-02
-5.440791e-03
-2.180759e-02
-7.728098e-02
-1.630521e-02
-1.916480e-02
-1.923108e-02
-5.381472e-03
-4.652029e-02
-6.619470e-02
7.141341e-03
-2.434245e-04
1.183100e-03
2.681786e-03
-1.388123e-02
-2.166328e-02
-1.823246e-03
1.208277e-03
2.017601e-02
-1.800159e-02
-1.611338e-03
-1.498880e-02
2.724445e-03
-1.826424e-02
-1.677440e-03
2.436740e-02
-3.745770e-02
4.144844e-04
-1.613979e-02
-8.652277e-05
1.863175e-02
4.116886e-02
3.403943e-02
7.139653e-03
1.939338e-03
-8.066557e-03
1.702366e-02
2.039242e-02
2.017588e-02
1.607436e-02
9.199328e-03
-2.091870e-02
-9.289269e-03
3.617992e-02
-7.359210e-03
-1.505284e-02
-1.856181e-02
3.831490e-02
-1.824270e-03
-5.973606e-03
-2.498858e-02
-4.595960e-02
1.624392e-02
1.104772e-02
5.644834e-03
2.132351e-02
7.649257e-02
-2.094994e-02
1.183673e-02
5.499272e-04
-3.734119e-03
1.855437e-03
2.452107e-02
1.609220e-02
-1.309810e-02
-2.221669e-02
3.671696e-02
-2.774615e-03
1.559092e-02
2.945384e-02
-3.064972e-03
1.861481e-02
3.788211e-03
2.210537e-02
-1.478868e-02
1.572740e-02
-1.783573e-02
-1.592410e-02
-7.642669e-02
3.475202e-02
-3.164601e-03
-3.551661e-02
1.091599e-03
-1.329879e-03
1.036175e-02
-1.936005e-03
2.287601e-02
8.180438e-04
1.020327e-02
6.063307e-03
-1.447254e-02
-2.613416e-03
-1.612793e-02
1.945730e-02
1.723490e-02
4.762816e-02
2.536297e-03
-4.091646e-02
6.187320e-02
-2.117161e-02
3.617835e-02
-7.532228e-04
5.158158e-02
4.070554e-02
1.406016e-02
-4.217375e-04
2.057466e-02
5.801265e-02
7.463100e-02
1.964266e-02
-2.967546e-03
1.895402e-02
4.342739e-02
-2.140994e-03
1.816371e-02
3.926209e-02
1.690872e-02
2.432839e-02
3.560929e-02
-3.878392e-03
-1.807096e-02
2.189797e-02
-6.758869e-02
-3.772811e-02
6.904062e-02
1.813527e-02
4.317847e-02
5.436699e-04
-2.209663e-03
2.169677e-02
-8.496911e-04
-2.322869e-02
1.575392e-02
5.269997e-03
2.535952e-02
3.468068e-03
-3.800509e-02
-1.521180e-03
-2.447121e-02
-5.238085e-03
-2.081128e-02
-4.362319e-04
2.182725e-02
-2.016856e-02
-4.626743e-03
5.195844e-03
6.103450e-03
-2.695899e-02
-3.839741e-02
-3.220025e-02
-1.949311e-03
6.499645e-02
-3.634477e-03
-1.904186e-03
5.541485e-02
1.893940e-02
1.842346e-02
1.846828e-02
2.084678e-02
-2.156303e-02
5.285127e-03
-3.468622e-02
3.748181e-02
1.741981e-02
-3.171832e-03
3.156947e-02
-8.370395e-04
-4.669167e-03
-2.252245e-02
4.508899e-02
5.639094e-02
1.545141e-02
1.231106e-03
-7.331864e-02
5.278183e-02
6.558677e-03
2.114361e-02
6.288045e-03
3.710516e-02
-2.411385e-02
-2.063136e-02
-3.051225e-02
-2.346027e-02
5.959040e-02
4.351986e-02
-7.703949e-03
2.042425e-02
-1.349860e-02
-3.741417e-04
1.868208e-02
-2.001463e-02
-2.258414e-02
2.883142e-03
-1.953418e-02
7.563894e-02
-1.863304e-02
8.103807e-04
-3.028332e-03
-1.932239e-02
4.415973e-03
1.352822e-02
2.061046e-02
4.289076e-02
3.776336e-02
-1.541902e-02
-3.796006e-02
-4.877871e-02
-2.398946e-02
-3.935504e-02
2.377118e-03
-8.905024e-04
-3.664095e-02
-1.432492e-02
1.957846e-02
-4.798538e-02
1.655672e-02
-6.092546e-03
5.504915e-02
-2.495596e-02
1.994060e-02
-3.399118e-02
1.510574e-02
-1.322368e-02
5.308745e-02
5.464565e-03
-1.849614e-03
-5.019152e-03
-6.605539e-03
2.168006e-02
-3.450632e-02
-1.840222e-03
-7.894698e-02
3.124683e-03
-3.643220e-03
-5.691984e-02
1.805385e-02
-4.320702e-03
-2.435053e-03
1.606071e-03
-1.631985e-02
-1.518034e-02
3.758896e-02
-1.463000e-02
-1.626786e-02
-6.580337e-02
4.337823e-03
2.795493e-03
-1.913121e-03
3.430850e-03
-5.579807e-02
-1.816012e-02
-2.280851e-02
3.065293e-03
-3.989587e-02
-7.861297e-03
7.600943e-02
-2.254235e-02
-6.683785e-03
-1.309788e-02
4.990667e-02
-2.036860e-03
-5.388120e-02
-2.188602e-02
4.220164e-02
5.158428e-03
5.915852e-02
-4.293854e-03
1.614483e-03
-4.239398e-02
4.775816e-03
-3.329111e-02
3.390269e-03
-2.451806e-02
-5.706422e-02
-6.163964e-02
4.120588e-05
-4.421759e-03
2.458037e-03
-3.497673e-02
-1.723057e-02
2.175016e-02
2.210162e-03
3.171219e-02
7.552490e-02
5.107202e-03
-2.525805e-02
-1.688730e-02
7.172506e-04
6.369669e-03
1.988863e-02
-3.739931e-03
5.740945e-02
-5.086592e-03
9.410118e-04
-1.582145e-02
-4.203609e-02
1.454439e-02
2.537216e-03
-2.008700e-03
7.891767e-02
6.316186e-03
8.630047e-04
2.393985e-02
1.403228e-02
1.916368e-02
3.802121e-02
7.622239e-02
1.763553e-02
3.467142e-03
2.039717e-02
1.047209e-02
-5.975478e-02
-1.405832e-02
1.772457e-03
-3.272983e-03
-2.144231e-02
-7.015904e-02
8.757238e-04
-4.997654e-04
3.427881e-02
1.556807e-02
-4.765612e-04
-2.108853e-02
1.311478e-02
5.041309e-04
-1.417542e-02
2.838276e-03
-7.008516e-02
4.140237e-02
3.364245e-02
-1.891942e-02
2.546692e-02
2.242117e-02
5.868858e-02
-1.443610e-02
2.812445e-02
2.418204e-02
1.727888e-02
-8.014644e-03
2.394391e-02
-2.545671e-02
4.897197e-03
8.010509e-03
-2.677085e-03
3.918408e-02
2.493039e-03
-6.264395e-02
-2.126070e-03
-1.581073e-02
-2.218189e-02
1.850235e-02
2.210826e-02
-3.795759e-02
3.082019e-02
-4.531229e-03
3.352080e-03
-1.374024e-02
-6.065596e-02
3.673457e-03
7.521977e-02
-2.425928e-02
1.949235e-02
3.774907e-02
5.189364e-02
8.967968e-03
7.492874e-02
1.833595e-03
2.770098e-02
4.335416e-03
5.285694e-03
5.069493e-03
-1.933857e-02
1.732734e-02
3.267677e-04
-1.703552e-02
-2.352472e-02
-6.473704e-04
-3.882079e-02
1.312712e-02
3.177143e-03
1.645435e-03
5.801111e-03
-5.177329e-04
1.686782e-02
3.005499e-02
-1.587331e-02
-3.071453e-03
-1.847367e-02
-1.309175e-02
-6.490052e-02
-2.098163e-02
-2.562638e-02
-6.379186e-02
2.428682e-02
-3.593860e-03
-2.751636e-03
-1.650314e-02
-3.332363e-02
6.357931e-02
5.386531e-03
2.138324e-03
-1.406673e-03
-3.524836e-02
5.249668e-02
2.101704e-03
1.846432e-02
1.855969e-02
-1.484274e-02
2.355476e-02
4.810864e-03
-1.326871e-02
2.058044e-02
7.883828e-02
-1.739767e-03
2.482648e-02
5.702412e-03
-1.508860e-02
-4.860401e-03
-2.508667e-02
9.658471e-03
-2.062049e-03
4.616120e-03
-1.540573e-02
-1.752996e-02
3.412434e-02
-1.820551e-02
-2.333609e-02
-4.370608e-03
1.200286e-03
2.002322e-02
2.114985e-02
-4.543256e-02
4.248202e-03
-3.427341e-04
-3.751017e-03
1.824807e-02
-4.349625e-03
-1.959529e-02
6.100585e-02
1.843619e-02
2.280195e-03
4.573002e-03
3.687179e-02
1.802757e-02
-3.611187e-02
3.795628e-03
-3.707707e-02
-2.133896e-02
-2.051809e-02
1.793219e-02
7.458390e-02
5.609411e-02
-1.708601e-02
-3.916990e-02
1.998290e-02
-6.124046e-03
-2.445420e-02
1.420326e-02
2.234082e-02
-3.049049e-03
5.926256e-02
-7.777557e-02
-1.726005e-02
-1.991069e-02
-6.229184e-02
7.780304e-02
-1.918683e-02
1.153722e-03
7.066219e-02
5.607718e-02
-5.627956e-03
1.306793e-03
-1.862756e-03
1.549556e-02
-3.617201e-03
-3.524140e-02
-1.970279e-02
-4.156656e-02
-3.969941e-02
-3.745762e-03
-3.443561e-02
1.246969e-03
1.499833e-02
-3.822682e-02
-3.293409e-03
1.506002e-02
-3.015150e-02
-2.175169e-02
-2.274202e-02
1.031965e-02
1.479261e-02
1.751255e-03
7.944970e-02
-9.474861e-03
1.502650e-02
8.856799e-05
-3.809845e-02
-4.359125e-02
-3.711694e-02
-4.883439e-02
-1.311638e-02
2.307107e-02
-1.545767e-02
-6.111715e-02
-2.150840e-02
-1.852154e-02
1.622689e-02
5.763213e-02
-3.730195e-02
-3.707008e-02
-6.648145e-02
1.870619e-02
-1.477123e-02
-1.520586e-02
-4.683664e-03
-3.357223e-03
7.947551e-02
-2.030205e-02
-1.569247e-02
3.656506e-03
-3.541313e-04
-2.362357e-02
-1.673180e-02
1.661725e-02
4.990051e-02
-3.847794e-02
-2.462297e-02
4.000762e-02
6.172835e-02
1.835921e-02
7.450256e-02
1.690078e-02
1.833846e-02
-4.492802e-03
1.915196e-02
-2.582652e-02
4.398735e-02
-5.651623e-02
-1.991299e-02
1.122418e-02
4.039433e-02
-5.257845e-02
-1.533043e-02
-2.700209e-03
-7.846871e-02
-2.312044e-02
1.979078e-02
-4.408270e-02
8.199197e-03
1.916987e-03
-5.442048e-03
-2.562414e-02
-8.180851e-04
-1.446467e-02
-1.693306e-02
-7.450803e-03
2.425181e-02
1.502392e-02
-1.687160e-02
-1.877366e-03
-1.827703e-02
-2.088386e-02
-6.522583e-02
1.882276e-02
-5.243663e-03
1.517505e-02
-1.964439e-02
-3.229796e-02
1.574238e-02
-2.268152e-04
1.609175e-02
-6.148719e-02
-6.574875e-02
3.699241e-03
3.705156e-02
4.379973e-03
1.974395e-02
1.788339e-02
3.081928e-03
-4.160197e-02
-1.248838e-03
-1.954926e-02
1.928950e-02
-1.937068e-02
1.414996e-02
-2.003425e-02
-2.094132e-02
-1.706064e-04
6.167683e-03
4.337856e-02
4.386660e-03
-3.055438e-03
5.361966e-03
-5.342328e-02
-5.350804e-02
-3.039375e-03
1.746560e-02
-1.814275e-02
4.044831e-03
2.402862e-03
-1.931795e-02
-7.862844e-02
-3.578235e-02
4.298775e-02
1.761608e-02
-2.280127e-02
-4.905419e-03
5.690974e-02
-3.135878e-03
2.846561e-03
-2.272984e-02
-2.186828e-02
5.187973e-02
5.046095e-04
-3.257942e-03
2.303286e-02
1.525303e-02
6.037744e-03
-2.203872e-02
-2.653061e-02
-2.174372e-02
-2.326747e-03
-3.572624e-02
-1.283449e-03
-2.288992e-03
2.064451e-02
3.013570e-02
-5.570748e-02
1.592800e-02
-4.378624e-03
-2.083748e-03
-1.613526e-02
-5.669598e-03
4.519294e-02
-2.077355e-02
-6.740868e-02
4.750041e-02
2.494756e-02
1.458715e-02
-7.665853e-02
-2.925156e-03
-3.733957e-02
-6.235101e-02
-7.623586e-02
1.391145e-02
1.720289e-02
-3.745735e-03
6.204370e-02
-1.753887e-02
-4.692366e-02
3.257515e-03
3.750224e-03
1.186181e-04
-3.850940e-02
-3.873212e-02
2.040932e-02
2.535827e-02
-2.193807e-02
-1.487781e-02
6.998629e-02
5.339064e-03
-7.779914e-02
-1.721164e-02
1.844863e-02
-2.981561e-03
2.460941e-02
-2.210437e-02
-1.741484e-02
-3.245744e-02
4.129660e-02
-5.507991e-03
-6.836813e-04
-2.692179e-04
-1.666639e-02
1.927797e-03
-2.244765e-02
5.512120e-02
1.907020e-02
1.821450e-02
-2.623122e-02
-5.552719e-02
-2.044980e-02
2.114478e-02
3.542292e-02
7.162749e-02
6.465008e-02
2.060081e-02
4.279517e-04
-1.231184e-02
1.774191e-03
-5.655826e-02
-2.088748e-03
4.030508e-03
1.909901e-02
-1.793230e-02
-7.560265e-02
6.558411e-03
3.261910e-03
1.979044e-02
-5.610159e-03
-2.130285e-04
9.350364e-03
-8.363600e-03
3.028833e-03
-6.399015e-03
5.753706e-03
-1.691789e-03
7.704069e-02
-1.697300e-02
-6.350828e-03
6.084297e-02
-7.299884e-02
-2.972583e-03
5.201938e-02
-7.142569e-03
1.408808e-03
-1.941576e-02
-2.972969e-02
-6.297860e-03
-8.561365e-04
4.625918e-04
-1.877361e-02
-3.437770e-03
-5.488985e-02
-2.366107e-02
6.130708e-03
-1.665399e-02
-2.208158e-02
1.214784e-02
-7.956379e-02
4.920936e-02
-1.219703e-02
-3.375893e-03
1.734554e-03
3.596788e-03
-1.857723e-02
-5.493934e-02
-2.713055e-03
3.840616e-02
4.116409e-03
-5.215809e-05
-5.545406e-02
3.874408e-04
-1.546046e-02
-1.717242e-02
-1.133598e-03
5.166676e-02
-4.908063e-03
-3.147609e-03
7.572500e-03
-1.557305e-02
-4.233597e-03
2.417384e-02
6.456262e-03
-1.131070e-02
1.831469e-02
2.176153e-02
3.621743e-03
1.455575e-02
-3.639628e-02
-5.177569e-03
1.931759e-02
1.135607e-02
1.800782e-03
4.196914e-03
2.506107e-02
-1.494397e-03
-1.386821e-02
-2.138054e-02
6.346660e-02
-1.404131e-02
2.143319e-02
2.988979e-03
-6.938360e-04
-3.762393e-04
-3.954040e-02
-6.062541e-02
1.631340e-02
-3.696447e-02
-6.495667e-02
6.257254e-03
-3.322700e-03
-5.133147e-03
1.582782e-02
2.870857e-03
-4.111913e-02
-1.879724e-02
1.572145e-02
-4.919253e-03
1.510016e-02
-1.914183e-02
-2.631947e-02
-5.185974e-02
-1.947296e-02
-2.230870e-02
-4.393903e-02
-1.660930e-02
-4.948036e-03
-1.564422e-03
-4.255111e-03
5.723721e-03
-2.081062e-03
-2.091092e-02
-3.623036e-02
-1.533773e-02
-3.706946e-02
2.974611e-03
1.791243e-03
7.590222e-02
-5.100591e-02
-7.123109e-02
1.560190e-03
-7.249838e-02
-1.421188e-02
-7.065362e-02
-1.975497e-02
-2.277468e-02
-2.474241e-02
3.525913e-02
1.529667e-02
-2.965922e-02
5.052908e-03
2.026410e-02
-1.849685e-02
-6.301060e-02
-3.433767e-03
-1.932104e-02
4.417551e-03
-2.135114e-02
2.134355e-02
-7.778445e-02
3.622595e-02
5.145664e-02
2.431751e-03
2.204868e-02
-3.196974e-03
-1.685696e-02
-1.121048e-02
4.401154e-04
9.663308e-04
-5.765664e-02
1.725596e-02
-2.213875e-02
-4.475326e-03
2.378514e-02
-1.088523e-03
-1.721777e-02
-2.089994e-02
-1.026976e-03
2.955304e-02
2.335803e-03
-1.863889e-02
2.007886e-02
2.148489e-02
1.416199e-02
3.014029e-03
2.008411e-02
1.749672e-02
1.595293e-02
2.424681e-02
4.003158e-02
-6.288648e-03
4.006431e-02
-1.799210e-02
-6.312393e-03
3.538371e-03
2.279127e-02
-3.278398e-03
4.537882e-03
6.313513e-04
5.963703e-02
3.271984e-03
6.252795e-02
-1.629274e-02
2.338825e-02
1.302081e-02
1.700871e-03
1.500234e-02
-7.569584e-02
-2.248194e-02
6.214221e-03
-4.847135e-03
1.664022e-02
4.766377e-03
4.519994e-04
2.939946e-03
2.150179e-02
3.071138e-03
7.350546e-02
4.602383e-03
4.970573e-02
-7.635343e-02
6.435436e-04
2.359755e-02
-7.557147e-02
1.525853e-02
-5.284942e-02
1.251399e-02
-1.317724e-03
-3.163771e-03
-7.675652e-03
-2.115631e-02
2.180562e-02
1.700042e-02
-1.567145e-02
9.315729e-04
-2.379633e-03
1.427675e-02
2.617130e-02
-1.665676e-02
3.379196e-02
1.782732e-02
2.067895e-02
1.221167e-02
-2.120528e-02
5.560986e-02
5.511758e-03
2.883494e-03
3.700523e-03
1.903793e-03
2.162658e-02
2.161215e-02
3.871846e-03
-1.574345e-02
2.483371e-02
7.305828e-04
6.834715e-03
1.062673e-03
5.387443e-02
-5.717419e-03
-2.506927e-02
-2.820168e-03
1.895411e-03
-2.834906e-02
1.716104e-02
-3.153907e-02
-1.362699e-03
-1.431241e-02
-6.322468e-02
3.743473e-02
-1.903667e-03
-2.216128e-02
3.949229e-02
2.650649e-02
1.919058e-02
3.496189e-03
1.092678e-03
-1.225150e-02
2.053737e-02
8.117105e-04
-1.502139e-03
-1.914930e-02
-4.148781e-02
1.725584e-03
-4.275420e-03
-1.357056e-02
1.617507e-02
-4.685692e-03
7.097074e-02
-2.758555e-02
-7.924181e-02
-2.516856e-03
-5.618367e-02
-1.875109e-02
-2.427786e-02
-7.079860e-02
1.092353e-02
1.595433e-02
-1.970298e-02
1.649756e-02
-4.024725e-04
1.164711e-02
-3.363891e-03
-6.321466e-02
-2.277057e-02
1.917283e-02
-5.893594e-02
2.378084e-02
-4.736201e-03
2.186501e-02
-6.136295e-02
1.222034e-03
-6.218082e-02
-1.614261e-02
1.659625e-02
-7.775225e-02
-6.390051e-04
2.350250e-02
-1.913418e-04
2.581659e-02
1.875881e-03
-2.463294e-02
2.390081e-02
4.068494e-03
-1.866117e-02
3.391303e-02
-6.312385e-02
-1.627069e-03
-2.867936e-02
-1.303179e-02
1.651240e-02
2.029191e-02
-5.220992e-02
-6.351645e-02
-1.491180e-02
-7.194886e-02
-2.373466e-02
1.174610e-03
4.389030e-03
-1.848006e-02
-2.066534e-03
-3.556420e-02
1.191022e-03
-1.823882e-02
7.370037e-02
-1.699089e-02
-1.779910e-03
-1.673070e-02
1.756292e-02
2.044459e-02
1.531585e-03
-5.239554e-02
5.078249e-02
2.515065e-02
-4.090539e-04
-9.085589e-03
2.800970e-02
3.807058e-03
-2.029013e-02
-1.176620e-02
-1.672206e-02
1.394634e-03
6.476209e-02
-6.837697e-02
-5.514320e-02
-2.172884e-04
1.511739e-03
4.511071e-02
-3.861539e-02
-6.575874e-02
-6.235955e-02
8.209606e-03
-5.348979e-02
2.847423e-02
2.296717e-03
-4.889985e-02
7.260925e-02
6.257989e-04
6.136867e-02
-1.315912e-02
5.582626e-02
1.788969e-02
1.899622e-02
2.119136e-02
2.107804e-02
1.232217e-02
-2.081945e-03
-7.430805e-02
-1.839926e-02
-1.966390e-03
2.042251e-02
-1.734727e-02
-2.421003e-02
-4.279530e-04
-1.399305e-02
2.300358e-02
2.962700e-02
-1.631829e-03
5.719850e-02
3.067794e-02
2.209316e-03
1.769084e-02
1.752359e-02
2.866113e-03
1.981628e-02
2.123683e-03
5.884360e-03
-1.182291e-03
-1.303605e-03
-5.951863e-04
1.630400e-02
2.017211e-02
3.266976e-03
1.141440e-03
-5.683203e-03
-1.195691e-02
1.896847e-02
1.729833e-02
-7.328577e-03
-6.692670e-02
-1.045757e-03
9.281763e-04
-1.481119e-02
-4.298899e-03
3.048754e-02
-1.787499e-03
-2.205176e-02
1.755479e-02
1.557578e-02
1.247887e-03
-1.969236e-02
2.045842e-02
-7.861979e-03
-7.306039e-02
1.786695e-02
2.104504e-02
-1.736623e-02
-2.221883e-04
-7.979492e-02
-6.104774e-02
-2.048752e-03
-1.921930e-02
-4.187270e-03
-3.831465e-03
-2.262304e-02
-1.685033e-02
1.770667e-02
1.765408e-02
-1.935831e-02
2.322507e-02
-5.371222e-02
3.622778e-03
7.755491e-04
3.095189e-02
-1.557359e-03
2.489602e-02
3.727391e-03
-4.579748e-03
-1.971743e-02
4.615728e-02
5.417141e-04
1.634504e-02
4.492205e-03
-1.752823e-02
1.626607e-02
5.007915e-02
-1.246007e-02
1.536824e-02
-5.019035e-03
1.754268e-02
-1.584853e-02
6.040799e-02
-2.120975e-02
-2.197202e-04
-2.284533e-02
1.640115e-02
-2.408150e-03
-6.982018e-02
-2.548039e-03
-5.883590e-03
5.301234e-02
-1.813873e-02
6.695448e-02
7.295562e-02
1.915431e-02
3.786963e-02
1.541446e-02
4.580150e-02
-2.971990e-03
-1.537337e-02
-3.145923e-03
2.277380e-02
-6.978326e-02
5.032610e-03
-2.102889e-02
-4.037663e-03
8.287566e-04
-2.502054e-03
2.118617e-02
-1.067586e-02
-1.973580e-03
5.575358e-02
-6.366069e-03
-6.403849e-02
-1.357070e-03
8.710184e-04
-6.831605e-03
2.926720e-03
1.562035e-02
-1.438637e-02
1.745141e-02
2.040953e-02
-1.698634e-02
-1.221370e-02
2.653510e-02
-2.429339e-02
6.337319e-02
-6.736482e-02
-1.571503e-02
1.082246e-02
-5.065502e-03
1.624419e-02
1.962221e-02
5.167131e-02
-6.524336e-02
-3.960481e-03
-4.043733e-02
1.555874e-02
-1.955320e-02
-1.823352e-02
-1.884535e-02
-2.533705e-02
-6.845913e-02
3.735137e-02
-1.780199e-02
1.914727e-02
3.936179e-02
-2.689217e-02
3.336597e-04
1.716617e-02
-1.809947e-02
2.050687e-02
-1.929910e-02
8.455053e-04
-1.908784e-02
-2.495957e-02
4.481175e-03
2.923682e-02
1.351253e-02
-4.076328e-02
-2.111296e-02
1.540095e-02
-2.893273e-03
-1.607507e-02
1.670875e-03
1.145559e-03
-1.852982e-02
1.356932e-02
-1.663668e-02
5.971721e-03
2.865088e-02
3.939872e-03
2.738115e-03
7.219043e-02
2.977208e-02
-1.537884e-02
1.659597e-02
-2.151075e-02
3.662573e-02
6.228108e-02
5.705976e-04
5.275283e-02
1.760972e-02
-1.106334e-03
4.127614e-02
-4.108571e-03
-1.149512e-02
-1.770325e-02
-2.127447e-02
-5.925461e-02
1.591245e-02
1.877705e-02
-1.004172e-03
1.557134e-03
-6.939042e-02
-1.899080e-02
-5.623545e-02
1.979828e-02
7.221163e-03
2.299779e-02
2.084801e-02
-1.866877e-03
-3.285730e-04
2.053702e-02
-2.286825e-02
2.437601e-02
-4.661046e-03
2.845957e-03
-4.774439e-03
1.718663e-02
7.186938e-03
2.695777e-02
6.386038e-03
4.147782e-03
3.622742e-02
-1.846644e-04
-6.156489e-02
-4.851803e-03
-1.513562e-02
-3.387462e-02
-2.656675e-02
1.639592e-03
-6.248883e-02
-3.625292e-03
4.970230e-03
-5.907728e-03
-1.984060e-02
2.355480e-02
1.737085e-02
1.710508e-02
3.804632e-03
-1.546447e-02
-3.520937e-02
-2.049811e-02
-3.660998e-02
2.085141e-02
1.719306e-02
1.532702e-03
2.684681e-03
3.782869e-02
3.736069e-02
-3.565185e-05
-4.063402e-02
-2.138115e-03
-1.735469e-02
4.163533e-02
-2.362283e-02
-3.350658e-02
3.490201e-02
1.551483e-02
1.380820e-02
-3.565212e-03
-1.253233e-03
1.966893e-02
2.506468e-02
-1.578313e-02
-1.841169e-02
1.489372e-02
-4.905162e-03
-5.700334e-02
-2.189168e-02
-1.184945e-02
-2.398304e-02
2.383925e-02
1.656546e-02
-5.765043e-03
2.546162e-03
-3.444695e-02
1.939554e-02
1.659492e-04
-1.951942e-02
-9.777636e-03
-2.483076e-03
4.098476e-03
-2.053209e-03
-1.967487e-02
-2.220181e-03
-1.832018e-02
5.650314e-03
-4.666354e-04
3.423006e-04
2.335229e-02
1.306226e-02
2.140598e-02
1.177566e-03
2.509976e-02
2.794851e-03
4.552027e-02
2.456409e-02
7.523572e-04
4.159876e-03
1.635829e-02
2.293625e-02
-1.959924e-02
1.172706e-02
-1.329320e-03
-2.218745e-02
5.710194e-03
-2.468799e-02
-2.079666e-02
5.617680e-02
-4.108592e-03
-7.279281e-02
8.350586e-04
7.415241e-02
-2.573723e-02
5.825899e-04
2.923076e-03
-1.794196e-02
1.131768e-03
-4.517809e-03
-1.690262e-02
-3.540204e-04
-1.557660e-02
-3.634159e-03
-1.928864e-02
-1.793387e-03
4.699402e-02
3.478897e-02
3.398113e-03
5.180907e-03
1.526702e-03
2.348531e-02
3.282000e-02
-1.002202e-03
1.484761e-02
-1.682039e-02
4.220880e-02
7.451227e-02
-1.569683e-02
-5.512433e-02
2.673396e-03
2.031680e-02
-3.140467e-04
-2.186278e-02
-6.624939e-03
2.104976e-02
9.627412e-04
4.159667e-05
-6.042239e-04
-2.029790e-02
2.645847e-02
1.169121e-02
-1.584638e-03
-5.939501e-02
-4.554536e-05
2.228045e-02
-5.289973e-02
-2.271713e-02
1.876590e-03
-1.986835e-02
-2.084489e-02
1.869875e-03
-1.945453e-02
-6.818428e-03
-5.799227e-03
1.580328e-02
7.335401e-02
-4.373940e-02
5.941659e-03
2.065295e-02
1.675941e-02
-1.345695e-02
1.796086e-02
5.568328e-04
2.109078e-02
-2.721670e-03
4.518497e-04
7.425982e-02
2.192825e-02
6.329672e-03
-2.161787e-02
1.652362e-02
1.532973e-02
-7.871796e-02
1.218750e-03
5.889618e-02
1.433858e-02
-2.030511e-02
1.456470e-02
-2.109621e-03
4.518037e-02
-7.632997e-02
5.884834e-03
1.490174e-02
1.949945e-02
-3.908232e-05
-2.202983e-02
3.345599e-02
-3.934971e-02
-2.270877e-02
-1.846510e-02
-7.249460e-04
-4.020980e-03
2.039243e-02
-3.481324e-02
2.371510e-02
-2.267114e-02
1.965347e-02
-3.198158e-02
-1.825198e-02
-1.441699e-02
6.894779e-03
-1.533001e-04
2.556136e-03
4.810755e-03
-2.285270e-02
-1.839141e-03
-1.576387e-02
-2.029087e-02
1.724659e-02
-9.897563e-04
3.475017e-03
5.586198e-03
-2.661856e-03
5.432023e-02
1.990229e-02
2.042757e-02
1.186408e-02
-1.787232e-02
4.399120e-02
-3.305785e-02
1.986018e-02
1.071259e-02
5.654483e-02
5.538208e-03
-3.591164e-02
-2.095421e-02
-7.276663e-02
2.489068e-02
4.717305e-03
-1.654655e-02
-1.879562e-02
2.424532e-02
1.957716e-02
-4.785405e-02
-1.977324e-02
7.001590e-05
-6.796306e-02
-1.013889e-02
-5.057309e-04
-2.984782e-02
2.096187e-02
4.639379e-03
4.933898e-02
3.368516e-03
7.807239e-03
-1.738964e-02
1.405839e-02
1.316745e-02
1.210452e-02
-8.498748e-04
1.583046e-03
-1.233702e-02
-1.887415e-03
-1.512713e-02
-1.059324e-03
1.730228e-02
-1.739194e-02
-1.998577e-02
-1.446957e-02
-2.581583e-02
7.296483e-02
7.022080e-03
2.548225e-04
-7.171337e-02
5.801093e-04
-1.916351e-02
2.110389e-02
2.257097e-02
-3.095727e-02
-2.139988e-02
-3.478780e-03
4.007788e-02
1.924345e-02
-9.192826e-04
1.765310e-02
-4.496609e-03
-1.654792e-03
-1.513033e-02
-1.045311e-02
-5.847466e-03
1.866197e-02
4.202893e-03
3.852362e-02
4.544160e-03
-1.780718e-02
3.728227e-02
5.434878e-02
-2.300624e-02
-7.359416e-02
1.754069e-02
-1.321169e-02
7.807055e-02
1.661504e-03
2.255248e-02
-1.795803e-02
-1.410211e-02
1.100821e-02
-3.996829e-03
1.676983e-02
1.825638e-02
-3.095968e-03
-6.754498e-03
-1.479082e-02
-1.506527e-02
6.458471e-03
-7.605697e-02
-4.344718e-03
1.752963e-03
-2.171621e-02
-6.273866e-02
4.362213e-02
1.607220e-02
-1.163507e-03
7.734733e-04
-5.344296e-02
-3.849483e-03
6.873178e-02
-2.149570e-04
1.365270e-02
4.664426e-03
-3.614828e-04
-1.737115e-02
-2.377323e-02
5.763504e-03
-1.301886e-02
2.499588e-02
-1.930168e-02
1.836066e-02
-3.324193e-02
3.558572e-03
-2.077473e-02
-1.282276e-02
-1.837603e-02
-4.309776e-02
2.114159e-02
2.762445e-03
1.559549e-02
3.443165e-02
1.132405e-04
1.074353e-02
-2.555520e-02
-1.539793e-04
-6.859784e-02
-1.667806e-02
2.393586e-03
1.662260e-02
-3.286125e-03
1.481805e-02
-2.126562e-02
-1.520172e-03
2.085343e-02
-1.623788e-02
3.492587e-02
2.200278e-02
5.397575e-02
-3.810267e-02
1.563175e-02
2.557539e-02
-4.784922e-03
5.188057e-02
-5.905719e-02
-3.182850e-02
-2.021616e-02
1.380450e-02
-2.982756e-03
6.171382e-03
-2.791072e-03
6.964846e-02
1.747027e-02
-4.532826e-03
1.647775e-02
2.458408e-02
2.707639e-03
-5.265081e-03
-2.217104e-02
-2.212164e-02
-1.343628e-02
-2.787844e-03
2.579467e-02
-5.896558e-02
2.515390e-02
-2.276136e-02
2.564046e-03
1.604635e-02
-4.535016e-03
-1.829683e-02
-4.822522e-03
-4.860848e-02
5.273563e-03
-1.264343e-02
-7.040339e-03
1.441700e-02
1.946706e-02
-1.276499e-03
-2.378535e-02
4.700432e-03
-1.716255e-02
7.583351e-02
-2.336817e-02
6.234936e-02
-2.057327e-02
-2.262407e-02
-6.317313e-02
7.139385e-02
-3.664250e-03
-1.195636e-02
-2.354745e-03
-4.578125e-03
-1.823276e-02
2.266698e-02
5.114444e-02
-2.069198e-02
-2.981766e-03
1.425428e-03
3.682624e-02
5.102278e-02
7.906429e-03
3.583112e-02
-1.706283e-02
-5.298000e-02
6.182215e-03
-4.540786e-03
-2.124798e-02
-4.017630e-02
-1.830250e-02
-1.728002e-02
1.540035e-02
-2.067227e-02
2.153800e-02
-2.080995e-02
3.255130e-02
2.135863e-03
2.344241e-02
1.479423e-02
-2.945529e-03
-1.617560e-02
-4.682745e-02
1.455064e-03
1.869442e-03
-1.848347e-03
-5.445737e-03
1.919308e-02
2.631058e-02
3.642932e-02
-5.951882e-02
1.613513e-02
1.971023e-02
-2.107946e-02
5.065087e-04
-7.008516e-02
7.558367e-04
-9.747590e-04
-8.938287e-04
2.327758e-02
7.131956e-02
8.594530e-03
-4.794974e-04
-3.535912e-02
-2.116269e-02
-4.413990e-02
-3.387349e-03
-2.365583e-02
-4.039320e-02
6.755695e-02
2.575772e-02
-1.991378e-02
-3.524805e-02
-1.954695e-02
5.805917e-02
1.608539e-02
3.371823e-02
1.886434e-02
2.274037e-03
-3.719875e-02
-2.611227e-03
2.152008e-02
4.769266e-03
-2.920843e-03
-6.273268e-02
-6.147863e-03
3.246564e-02
1.616143e-02
2.525247e-03
-3.394044e-02
2.023944e-02
-2.687242e-03
1.426490e-02
-6.580654e-03
1.385234e-02
3.180825e-03
3.614544e-02
4.744492e-03
1.879282e-02
-3.919734e-02
3.671961e-02
-3.956830e-02
1.396748e-02
-3.611015e-02
-1.604882e-02
-1.438986e-03
2.004335e-02
-2.654044e-03
3.614545e-02
2.868655e-02
3.541347e-03
-2.063658e-02
-2.162196e-02
1.717482e-02
3.996466e-02
-1.564692e-02
-1.994489e-02
6.386000e-03
2.059623e-03
-3.400933e-02
3.356622e-03
2.989972e-03
-2.167746e-03
-3.714574e-02
4.100436e-02
7.327473e-04
6.145949e-02
-6.769625e-03
2.384756e-02
-5.165320e-02
-2.167797e-02
-2.977433e-03
-2.164339e-02
-2.659325e-02
2.050005e-02
-7.967294e-04
1.536436e-02
-6.202199e-02
6.237729e-02
2.556276e-02
6.504085e-05
2.304303e-02
-5.026049e-02
-3.801845e-03
-1.787755e-03
-1.677509e-02
2.120707e-02
-5.854983e-02
5.678630e-02
-1.081599e-03
3.468169e-02
-3.797044e-02
-1.824748e-02
-3.944083e-03
-3.866530e-02
1.354096e-02
2.229188e-03
1.953102e-02
-2.368041e-02
-4.634944e-02
3.123253e-02
1.746685e-02
6.029142e-03
-1.099854e-02
6.287326e-02
3.697067e-04
4.961769e-02
-2.627293e-03
1.420626e-02
6.381097e-02
-2.243977e-02
-2.657564e-02
-2.292133e-03
1.289586e-02
1.738140e-02
-1.734843e-02
-4.755896e-02
2.104553e-03
2.197044e-02
-7.598402e-03
8.854577e-03
-7.134924e-02
-6.984344e-03
1.328010e-02
2.525263e-02
-5.397881e-02
-4.244385e-03
-8.992994e-04
-2.763864e-03
-3.491061e-02
-1.982876e-02
-6.645268e-02
1.790505e-02
-1.591679e-02
4.801079e-03
-3.169308e-02
1.396526e-02
-1.853519e-02
2.391226e-02
-2.295155e-02
1.743051e-02
-5.677008e-02
7.592816e-02
1.499283e-02
-6.082101e-02
2.254599e-02
1.506418e-03
-1.168024e-02
7.443566e-04
5.990509e-02
1.798598e-02
-5.152260e-02
-4.048495e-02
-1.889998e-02
-6.649609e-02
-5.819239e-03
-2.229742e-02
2.052645e-02
-7.446862e-02
1.770324e-02
1.163175e-03
-2.103721e-02
-3.662021e-03
1.685508e-03
-1.767615e-02
-1.959183e-02
5.530044e-03
-2.118745e-03
6.169443e-02
1.919544e-03
4.559371e-02
4.793817e-03
-3.051639e-02
-6.181918e-03
2.020998e-02
2.241259e-02
-4.342445e-02
1.776800e-02
-6.267512e-04
1.676832e-02
-6.498454e-02
-3.700249e-02
-3.334032e-03
-3.980519e-03
3.676811e-02
-4.384317e-04
-2.195485e-02
-7.611697e-02
-1.594399e-02
-2.024225e-02
-4.563192e-02
-3.705506e-02
-1.355024e-03
1.712013e-02
-3.864354e-03
7.723567e-03
-3.666591e-03
-2.024034e-02
2.129121e-02
3.754633e-02
-4.117690e-03
-2.251265e-02
3.429287e-02
-5.631526e-02
1.959083e-02
4.149474e-03
6.909030e-03
2.441525e-03
2.112628e-02
-1.560451e-03
1.978988e-02
-3.303819e-02
1.920487e-02
-1.084843e-02
3.911772e-02
2.828880e-03
4.686047e-02
1.743858e-02
-7.700724e-02
-2.036524e-02
1.676336e-02
-5.605870e-02
-4.037588e-02
1.717332e-03
-5.691123e-02
2.208317e-02
-2.115982e-02
-4.498498e-02
-2.816725e-03
2.790685e-03
4.389635e-02
5.996478e-03
3.314141e-02
2.095357e-02
4.648185e-03
-1.713890e-02
-6.657772e-04
1.755075e-02
4.480059e-04
-3.965025e-03
-2.115288e-02
2.133135e-02
1.704543e-02
-1.595720e-02
-2.043279e-03
5.672443e-02
-1.538882e-03
4.770740e-04
7.626201e-02
1.777904e-02
3.666207e-02
1.862252e-02
6.907183e-03
-2.253630e-02
-5.262079e-02
-4.006186e-02
-1.965045e-02
-4.139399e-04
-1.841988e-02
3.594681e-02
-1.702243e-02
-3.133463e-02
-1.851132e-02
-2.265842e-02
-4.151832e-03
1.305601e-02
-1.496849e-03
1.820508e-03
-7.827464e-03
6.093020e-04
-3.406484e-02
2.268177e-02
3.567334e-02
-2.254845e-02
-7.308063e-02
-9.914993e-04
-5.254604e-04
-3.962541e-03
1.313567e-02
-3.621529e-02
2.750672e-03
-3.028462e-02
1.793471e-02
-7.713033e-02
8.941889e-03
2.931486e-03
-2.199209e-02
2.727783e-02
-3.717945e-03
-1.481840e-03
-2.635552e-03
-1.146787e-03
-1.185930e-03
1.189533e-03
-1.905712e-02
2.370527e-02
-1.256394e-04
1.848476e-02
-6.752959e-03
-1.958881e-02
3.844342e-03
-3.833823e-02
2.366466e-02
-1.965143e-02
-6.354404e-03
1.988280e-02
-2.045652e-02
-3.638351e-02
-1.936060e-02
-5.621045e-02
-1.819919e-02
-4.440345e-03
-1.374932e-03
-4.266682e-03
-2.015646e-02
1.958795e-02
-2.506519e-02
4.484535e-03
3.196492e-04
1.279854e-02
5.598145e-02
2.701516e-03
-4.256032e-02
-6.119126e-02
-4.171593e-04
-2.029204e-02
-9.382287e-04
-8.017185e-03
-1.950834e-02
-1.964493e-02
-5.741280e-03
1.840295e-02
4.099338e-03
-2.230847e-02
1.238596e-02
4.691473e-02
1.128557e-02
1.659974e-02
2.027121e-03
7.783047e-04
2.167516e-02
6.361496e-02
4.591146e-03
-2.034636e-02
-1.771275e-02
1.704193e-02
-1.975959e-02
-1.260882e-03
1.119430e-02
6.293840e-03
-1.074053e-02
2.377302e-02
-1.944248e-02
-1.899317e-03
1.758785e-02
-2.718821e-03
-5.412143e-04
-4.198669e-02
2.305249e-02
6.062595e-03
-2.850575e-04
1.561273e-02
-1.941967e-04
2.156886e-02
3.187689e-02
-2.237036e-02
-1.649819e-02
6.664499e-03
1.253274e-02
5.549921e-02
-1.722294e-03
1.307691e-03
-7.441334e-02
-2.194761e-02
-6.312195e-03
5.803327e-02
1.754241e-03
1.895524e-02
1.257468e-02
6.453338e-02
1.339036e-02
-4.477020e-03
2.993206e-02
-1.592015e-02
2.083160e-02
2.495133e-02
-5.626601e-03
2.409004e-03
-2.766624e-03
-1.902242e-02
5.194987e-03
-1.656481e-02
1.684803e-02
1.541514e-02
3.023824e-03
1.523023e-02
4.502915e-03
-4.206401e-02
2.676473e-02
4.764857e-03
1.813032e-02
6.479907e-02
1.887690e-02
-7.880605e-03
3.292133e-03
1.539099e-02
-4.326787e-03
-1.293506e-02
1.205020e-02
-9.526767e-05
3.943827e-02
-2.825297e-03
-2.037738e-02
-2.402964e-02
-5.682048e-03
-2.394059e-03
3.779799e-02
-2.148573e-02
-1.106556e-02
1.012412e-03
3.193162e-02
-3.057649e-02
-4.593774e-03
1.693631e-02
4.897561e-02
2.076196e-02
4.947425e-03
-4.064580e-02
-1.952439e-03
5.477073e-02
-6.293813e-02
-2.639155e-03
4.693641e-03
4.784331e-02
2.040770e-02
2.274044e-03
1.082963e-03
-7.774744e-02
-3.040215e-02
-2.059991e-03
-5.281233e-04
2.335792e-03
-2.516250e-02
-2.994218e-03
-4.910783e-03
-1.129545e-03
6.618664e-04
-1.484386e-02
-1.461079e-02
-6.153247e-03
3.367567e-03
-7.834805e-02
-1.212730e-02
-5.272050e-02
1.836531e-03
2.282699e-02
-7.734042e-04
-2.316910e-02
5.238392e-03
-1.794128e-02
-8.046520e-03
1.296529e-02
-2.406249e-03
1.634740e-02
-1.607112e-02
-4.105378e-03
7.992738e-02
-6.695326e-03
-2.220121e-02
-7.829845e-02
-5.132257e-02
-3.484287e-02
-1.262302e-02
-2.578874e-02
3.280187e-03
1.406847e-03
7.502725e-03
2.168285e-02
6.280663e-02
-1.954081e-02
1.592751e-02
-2.271181e-02
1.980049e-03
-1.914547e-04
7.246280e-02
-3.073536e-03
1.071546e-05
2.398336e-03
7.064973e-02
1.399190e-02
-1.620084e-02
4.656317e-03
-3.098496e-02
2.448813e-02
1.638910e-02
4.958562e-02
-5.652870e-03
3.177447e-02
-1.641067e-03
-1.499401e-02
-5.157330e-03
4.859556e-02
1.781116e-02
1.709694e-02
5.502528e-02
1.709556e-02
-2.649515e-02
2.026167e-04
-9.234345e-04
2.935828e-02
9.911303e-04
1.130326e-02
7.109347e-02
-1.371435e-02
2.419013e-03
-2.588005e-02
-2.438280e-03
1.494601e-02
-7.641763e-02
-1.388996e-02
-1.552784e-02
7.927865e-02
-7.060628e-02
-4.450998e-04
-2.043667e-02
2.657993e-02
-5.287874e-02
2.238493e-02
-6.667629e-04
1.943289e-02
3.050346e-03
1.871438e-02
2.141759e-02
2.539789e-03
-2.234592e-02
1.076920e-02
-1.430082e-02
-6.505091e-02
-1.989798e-02
-1.084444e-03
6.558408e-02
4.749123e-02
-2.457367e-03
7.647130e-02
1.166105e-03
2.577698e-02
1.644817e-02
-6.614708e-02
-7.869265e-02
4.613196e-03
-4.645628e-02
-4.253356e-02
4.517201e-02
2.704767e-03
-1.238042e-02
3.362903e-03
5.759050e-02
1.896028e-03
2.635214e-02
2.039129e-02
5.262920e-03
-2.337564e-03
1.906820e-02
4.050302e-04
5.582372e-03
-1.379069e-02
1.817015e-02
5.626729e-03
-1.983387e-02
3.720186e-02
2.218407e-02
-6.567806e-02
-1.468577e-02
-2.754726e-03
5.524968e-04
-7.522554e-02
1.598329e-02
2.292741e-03
-1.679055e-03
-7.701468e-02
2.232053e-02
-7.788049e-03
-2.061343e-02
-3.684666e-02
3.685069e-02
-2.006249e-02
-1.329148e-02
-2.108811e-03
-2.383582e-03
-4.632822e-04
-2.877310e-03
-1.574803e-02
-1.597290e-02
4.693124e-05
-1.975765e-02
-6.133167e-02
-2.136589e-02
1.163085e-02
1.531575e-04
-3.223270e-02
1.915532e-02
7.594813e-04
-3.545980e-02
1.556808e-02
-2.096354e-03
-2.081611e-02
-8.219318e-03
-1.599148e-03
-3.495547e-02
2.160060e-02
-6.253371e-03
-1.613386e-02
2.221857e-02
-4.025292e-02
-2.089704e-02
2.187497e-02
4.838433e-03
2.078231e-02
1.722459e-02
-2.871283e-02
3.345690e-03
-2.508618e-03
5.441389e-02
-7.770390e-04
-2.831785e-02
4.824139e-03
1.300558e-03
-4.755366e-03
1.048551e-03
3.532124e-03
-1.993757e-02
2.253005e-02
7.635805e-02
-4.180971e-03
-3.865690e-03
-2.153486e-02
1.054589e-04
1.257894e-02
-7.089563e-02
5.558956e-02
1.227704e-02
4.263189e-03
3.175568e-02
1.595314e-02
-6.908972e-05
1.974362e-02
1.795936e-02
7.641106e-02
2.654461e-02
-1.733888e-02
-1.984530e-02
-5.995520e-03
-3.298924e-02
-1.814233e-02
1.632665e-02
-2.201749e-02
-4.372263e-02
-4.562441e-03
3.631925e-04
-1.661695e-02
2.393756e-03
2.371910e-02
2.462662e-02
-1.840527e-02
2.216463e-02
1.069169e-03
-2.131234e-02
-2.433040e-02
1.673099e-02
1.767930e-02
2.042177e-03
8.599253e-03
-2.200149e-04
-1.687937e-02
5.474796e-02
-3.932923e-05
4.548537e-02
-1.051104e-03
-3.932421e-02
3.907214e-02
-1.391258e-03
2.628729e-02
4.124634e-04
7.569459e-02
-3.129334e-04
1.842405e-02
2.588610e-03
-1.721730e-02
-2.086319e-02
6.426841e-02
1.976443e-02
-4.763871e-02
-1.601447e-02
5.204465e-03
-6.887643e-02
-1.284116e-02
-3.106976e-02
-2.151034e-02
-1.719436e-02
-2.220244e-02
-2.090228e-02
1.546564e-02
-7.178571e-02
-1.180653e-02
-2.873171e-02
-1.524581e-02
1.491605e-02
3.781283e-03
6.874583e-02
7.848505e-03
6.103896e-03
1.544570e-02
-4.368978e-03
5.626543e-03
-2.324695e-03
-2.426363e-02
3.601781e-03
-1.933193e-02
3.603843e-02
3.361183e-02
2.646433e-03
-7.061229e-04
-1.505582e-02
-7.512945e-02
-2.021943e-02
5.450217e-04
-6.271336e-02
-1.632911e-03
-1.012605e-03
-1.533461e-02
-6.708309e-02
-1.292101e-02
4.613989e-03
2.215021e-02
4.732697e-03
6.515400e-03
2.171744e-03
1.470919e-02
7.581827e-02
-3.512923e-02
5.848771e-02
-4.678806e-03
1.657983e-03
-2.102136e-02
1.926951e-02
7.877436e-02
4.162707e-03
1.284159e-02
1.873219e-02
4.953213e-03
-2.089427e-02
-3.431007e-02
-4.200657e-03
6.306210e-02
-3.485454e-02
-3.866912e-02
-2.491628e-02
-6.543793e-03
1.587957e-02
1.328640e-02
3.608466e-02
1.459490e-02
1.272451e-02
-7.981260e-02
-1.381001e-02
3.480422e-02
5.717463e-02
-1.885119e-02
2.405770e-02
3.526129e-02
2.793107e-03
-4.206153e-02
-1.363892e-02
-2.055883e-02
-2.416859e-02
2.020887e-02
-2.391318e-02
1.695900e-02
-1.967603e-02
-1.593619e-02
2.337499e-03
2.193620e-02
2.414945e-02
-1.490364e-02
2.115287e-02
-1.568657e-02
-7.841181e-03
-7.377648e-04
6.186022e-02
-3.574155e-02
-1.850749e-02
-5.926313e-02
2.380237e-02
-5.077774e-03
1.782289e-03
-7.422652e-02
1.764719e-02
-1.865934e-02
5.928155e-02
5.702717e-02
-2.250271e-02
-1.967226e-02
5.985863e-02
2.263452e-03
2.494403e-02
4.110532e-03
-5.608742e-02
6.252183e-02
3.461350e-03
-5.567126e-02
-1.880772e-02
2.128925e-04
7.408199e-03
-1.341636e-04
2.331104e-02
-3.803422e-02
-6.596630e-02
-1.966741e-03
-2.111934e-02
2.276425e-02
-2.672547e-02
5.382217e-03
1.631209e-02
7.513534e-02
1.753854e-03
1.701114e-02
2.628957e-02
2.853320e-03
-1.412004e-02
-1.679306e-02
-3.392727e-03
-2.167585e-02
3.603269e-03
-3.652256e-02
2.169662e-02
3.483503e-02
1.918881e-02
-5.605866e-02
2.109729e-02
1.692161e-02
4.428920e-04
1.499558e-02
-3.153606e-02
-2.061504e-02
2.483029e-03
1.679869e-02
2.320621e-03
-2.259362e-02
2.999795e-03
-5.544614e-02
1.685281e-02
2.044319e-03
3.777221e-02
2.077176e-02
1.250814e-03
-3.452998e-03
-4.161624e-02
-8.376734e-03
-2.008471e-02
-2.294650e-02
5.269541e-02
-1.541925e-02
-1.240638e-03
4.106934e-04
-3.595779e-02
-7.428854e-02
1.699699e-02
-7.702603e-03
1.972238e-02
-2.660866e-02
-7.351888e-03
-7.480629e-02
-1.330073e-02
8.508006e-04
5.975293e-02
-1.752094e-02
5.947384e-02
3.847831e-03
-2.709989e-02
-3.698902e-02
-2.970077e-03
-3.317786e-03
1.132093e-03
-4.628650e-02
2.228017e-02
1.931016e-03
-9.806586e-04
-7.644807e-02
7.554393e-02
1.755924e-02
-1.787888e-03
2.068246e-02
-1.741018e-02
-4.944433e-03
5.617012e-02
-6.830149e-03
-3.861802e-02
3.935316e-04
-1.409864e-02
4.555238e-02
2.099424e-02
-4.603474e-02
1.458364e-03
1.835644e-02
3.568047e-02
-2.905398e-03
1.706174e-02
2.083312e-02
-1.619495e-02
1.933456e-02
3.114010e-02
-7.234583e-02
2.391146e-04
2.626265e-02
-2.240429e-02
-1.489415e-02
-1.878545e-02
2.586174e-02
-2.333719e-02
-1.741087e-02
-1.365255e-03
1.962191e-02
-1.935932e-02
-1.514311e-02
-7.970001e-02
-7.558177e-02
-1.826304e-02
4.721467e-03
2.347752e-02
1.597546e-02
-7.005748e-02
2.488084e-02
1.785216e-02
1.105495e-02
-1.437014e-02
-2.801796e-04
-6.114149e-03
1.440238e-02
1.332647e-02
1.219970e-02
-2.333693e-02
-1.969410e-02
-1.626281e-02
4.205018e-02
1.544542e-03
1.164089e-02
-1.591260e-02
4.321789e-03
-6.324954e-02
-3.438551e-03
6.928152e-02
7.159261e-03
-4.483266e-03
2.327928e-02
-1.516177e-02
-3.368722e-04
-3.890237e-03
1.957524e-02
2.933323e-02
-9.781169e-04
-4.155063e-03
1.632898e-02
2.076741e-02
3.028734e-02
-6.316620e-02
2.421957e-03
-1.810773e-02
-3.306140e-02
1.511232e-02
2.273918e-02
-1.405744e-03
1.714197e-02
1.584081e-03
7.082831e-02
-8.641251e-04
-1.285489e-02
1.578228e-03
-7.217924e-03
-2.064282e-03
5.830994e-02
7.702351e-03
-2.785528e-03
1.823594e-02
-2.045385e-03
-1.816276e-03
1.079300e-03
-2.637138e-02
-1.463055e-02
7.713008e-02
2.293166e-02
-6.877375e-04
-6.612242e-03
2.003167e-03
-7.128570e-03
-6.306666e-02
-9.246539e-03
-4.212276e-03
1.914560e-02
-5.338237e-02
6.409223e-04
-5.263925e-02
-7.841987e-02
-3.635178e-02
-6.459617e-04
7.013496e-02
-7.509286e-04
7.276799e-02
1.444645e-02
-2.872920e-03
-1.334199e-03
-3.068235e-04
3.947235e-02
-2.472654e-03
-2.476563e-02
-4.266822e-03
-2.174979e-02
2.453160e-03
-7.953844e-02
-2.285890e-02
1.572730e-02
-4.486484e-02
-1.664332e-02
-1.977774e-02
-2.734669e-02
-6.546871e-02
2.058721e-02
-1.483487e-02
2.128986e-02
1.475321e-02
7.436475e-02
1.681440e-03
-4.706302e-03
1.793161e-03
2.239806e-02
-7.473868e-03
-6.540763e-02
-4.322550e-02
4.114693e-03
3.173176e-03
1.291752e-03
3.245039e-04
-1.473725e-02
-7.739526e-02
2.113300e-02
-2.017966e-02
-2.526988e-03
-2.821626e-02
-2.418305e-02
-1.927513e-02
7.991212e-02
4.799074e-03
-4.741170e-05
2.060105e-02
3.875296e-02
2.283124e-02
-1.396862e-02
-4.548623e-03
-1.824835e-02
3.178175e-03
1.381950e-02
1.361330e-02
-1.251539e-03
1.148318e-04
-4.767850e-03
-1.746728e-02
-3.377235e-02
1.627590e-03
-1.495623e-02
-6.364362e-02
-3.344274e-02
1.064346e-02
-4.022372e-02
3.784144e-03
4.741110e-03
-1.810112e-02
-2.266705e-03
2.235906e-03
3.287504e-03
-2.090407e-02
-3.929257e-04
-2.012161e-02
-7.276861e-02
-2.133633e-03
1.295009e-03
1.837638e-02
8.996314e-03
3.246839e-03
4.217715e-03
-8.336395e-04
-1.571987e-02
-1.627031e-02
-4.866845e-02
5.674759e-02
2.452746e-02
-1.398193e-02
1.470929e-03
-1.888003e-02
1.120213e-05
-4.554181e-03
-2.885307e-03
-2.773005e-03
1.697324e-02
3.218749e-03
-1.196491e-03
2.078547e-02
-7.738373e-02
3.411659e-02
5.961985e-02
-1.454076e-02
-3.047033e-02
-2.157721e-02
4.940262e-04
-3.344619e-03
2.183108e-03
3.272634e-02
7.196466e-02
-7.513427e-04
1.788251e-03
-3.249566e-03
6.214742e-02
1.394100e-03
-1.405350e-02
-2.307857e-02
-7.420989e-02
-1.835115e-02
3.586855e-03
-3.483623e-04
1.926463e-02
-5.699500e-03
2.118348e-02
-2.063328e-02
2.440255e-02
1.612658e-02
6.584661e-02
-1.766222e-02
2.499146e-02
-1.501317e-02
-2.094335e-02
1.498124e-02
-9.263389e-04
-1.822993e-02
-1.621837e-03
2.021672e-02
2.017033e-03
6.839027e-04
3.007441e-02
2.101301e-02
-1.865137e-02
-2.123560e-02
1.761507e-02
6.205993e-02
2.053396e-02
7.398307e-05
1.548427e-02
-1.917139e-02
1.936137e-02
-3.083812e-03
4.439776e-03
5.960191e-04
-2.123220e-03
-5.946443e-02
-1.676164e-02
2.758048e-03
4.005374e-02
2.524574e-03
2.418192e-02
-1.488930e-02
1.642893e-04
-1.636353e-02
-7.502344e-02
-1.681886e-03
-1.424278e-02
-1.670181e-02
-5.642880e-02
-6.273656e-02
-5.059784e-03
-4.178102e-02
1.866069e-02
6.571310e-02
5.259480e-03
-2.026307e-02
-1.651305e-02
-1.707331e-02
-2.415617e-03
4.073500e-02
8.388363e-04
-4.550595e-02
-7.999691e-03
-1.339710e-03
2.788381e-02
-7.675955e-03
-6.787380e-02
-6.352676e-03
-3.774296e-03
-7.948651e-03
2.470449e-03
3.337519e-02
-2.830598e-03
-8.005346e-03
1.709956e-02
-1.295999e-03
-1.781371e-02
5.891368e-03
-4.118309e-02
-1.981893e-02
7.279593e-02
1.770597e-02
-6.352057e-02
-7.625683e-04
6.730279e-02
-2.521295e-03
-3.545629e-03
5.348910e-04
-4.386235e-03
-1.771801e-02
8.727378e-04
7.184233e-04
-6.371114e-02
-4.431605e-03
3.349527e-02
3.223223e-02
-3.321511e-02
-2.346216e-03
-3.333797e-04
1.900054e-02
1.011236e-03
5.980924e-02
-1.831307e-02
3.203000e-02
2.963555e-02
-7.541426e-02
-1.871847e-02
5.729196e-03
2.198485e-02
-6.636788e-02
-3.084792e-03
-1.639784e-02
-2.457455e-02
-5.251050e-02
3.502453e-02
6.456534e-02
2.111265e-02
-1.963888e-02
2.031263e-02
-3.092754e-03
-1.965724e-02
-1.861496e-02
-1.398430e-04
-5.387588e-04
-1.546039e-02
4.361722e-02
-4.057019e-02
-2.920588e-03
3.860147e-03
-5.500737e-03
-2.196105e-02
-2.177884e-02
-5.398930e-02
-1.476324e-02
1.449832e-03
-3.810199e-03
1.695854e-02
1.849532e-03
-2.354082e-02
-7.941954e-02
-7.672863e-02
-3.218052e-02
-2.220929e-02
3.815142e-02
1.683468e-02
1.807049e-04
2.077291e-02
-3.576025e-03
-1.935695e-02
1.462320e-04
-4.560286e-03
-2.058652e-02
2.074935e-04
-7.032542e-03
-2.035571e-02
2.196460e-03
1.556712e-03
-6.024803e-04
5.788343e-03
7.056390e-02
-2.155490e-02
-7.103481e-02
-2.425665e-02
-4.632177e-03
1.752640e-02
-2.108328e-02
-7.558434e-02
7.903919e-04
7.964654e-02
-2.269589e-02
1.474238e-02
1.797271e-02
-5.681833e-03
2.064220e-02
-1.986504e-02
7.715231e-03
2.164014e-02
-2.516750e-02
6.615538e-02
2.587130e-03
-8.117933e-03
3.987453e-02
1.697203e-02
2.086444e-02
-7.052156e-03
4.931903e-02
-2.092597e-03
5.314579e-02
3.286240e-02
1.920736e-02
5.670837e-02
-1.690715e-02
7.671467e-02
-4.262236e-03
1.039267e-03
2.634797e-03
2.355168e-04
-1.724037e-02
1.642807e-03
-2.088168e-02
-4.527590e-03
1.543321e-02
-1.935070e-02
7.185094e-02
-7.739468e-02
3.134272e-03
-1.717130e-02
5.907258e-02
1.975334e-02
2.738979e-02
-1.892733e-02
-1.528866e-02
2.691742e-03
-6.097943e-02
-2.167524e-02
5.523969e-02
-1.860965e-02
-8.105261e-03
-7.702523e-02
5.112053e-03
-1.092594e-03
1.649873e-02
3.603368e-02
-7.128676e-02
5.004161e-03
-9.494624e-03
-6.316275e-03
-2.279528e-02
4.157086e-02
1.844385e-03
-2.458670e-04
-1.508539e-02
-2.061576e-02
-1.891220e-02
1.514202e-02
2.218598e-02
4.080497e-03
-2.404023e-03
-3.376665e-02
-6.391567e-04
1.446199e-02
7.308567e-03
-7.423568e-04
-5.032999e-03
2.930878e-02
2.804974e-03
-5.615769e-03
-1.026624e-02
2.239390e-03
-7.896247e-04
2.247592e-03
-4.358863e-03
3.543968e-02
-1.003921e-03
2.252643e-02
-2.104682e-02
-1.639405e-02
-2.414779e-04
5.914196e-02
-6.170478e-02
-1.597098e-02
2.226441e-02
-3.991196e-02
-1.591905e-02
-1.667070e-02
1.136722e-03
-1.886473e-02
-6.212809e-03
7.663947e-02
-8.661888e-04
-3.941315e-03
3.934541e-02
-2.391776e-03
3.985515e-02
-1.822909e-02
-3.143234e-03
2.399025e-02
-6.144749e-02
1.644509e-03
1.731110e-02
2.415772e-03
3.605110e-03
-7.377809e-02
-2.070548e-02
1.019614e-02
-2.596582e-02
-3.596572e-02
-1.479074e-02
1.647974e-02
1.411724e-02
-2.233541e-02
-2.555399e-02
1.465960e-02
-7.236367e-02
3.694239e-02
7.810832e-02
7.342638e-02
5.462626e-02
-2.043767e-02
4.672780e-03
-1.879165e-02
-3.429700e-02
1.884374e-02
-1.535661e-03
2.425799e-03
1.661789e-02
-2.939753e-02
1.562847e-02
-5.056522e-02
-1.880483e-02
3.804532e-02
2.208924e-02
-6.332751e-04
-1.270470e-03
-7.301458e-03
-2.356660e-02
2.258661e-02
-5.336652e-03
1.851187e-02
1.557919e-02
-9.955729e-04
-4.051730e-03
-6.042640e-02
1.568761e-02
-2.215901e-02
-4.286489e-03
3.409207e-04
5.477622e-03
2.541746e-02
-2.407150e-02
-7.221114e-02
-5.935443e-02
1.497838e-02
-3.098563e-02
1.858246e-02
-2.854955e-02
-1.777549e-02
1.831447e-02
-1.846352e-02
3.335736e-02
-5.606977e-02
2.088388e-02
3.629451e-02
-1.343295e-02
1.164569e-02
1.782837e-02
-5.062458e-02
1.955135e-02
4.721253e-03
-5.899508e-04
1.163986e-03
-2.887304e-02
1.877924e-02
1.707727e-03
1.027409e-03
2.365012e-02
-2.687281e-02
-1.666976e-02
3.045348e-02
-2.495768e-02
-2.494346e-02
2.120404e-02
-5.098937e-02
-6.327387e-02
-2.170167e-02
-3.735254e-02
-8.768953e-04
1.922440e-03
-1.201275e-03
7.418372e-02
1.556109e-02
2.032737e-02
1.916364e-02
-6.914970e-02
1.355291e-02
4.167915e-02
-4.844908e-02
-3.185195e-03
-1.408289e-02
-5.439242e-02
-5.042414e-03
2.136508e-03
1.101066e-03
-3.599690e-03
-1.750676e-02
-1.756734e-02
1.820354e-02
-1.608910e-02
-1.590780e-02
-6.297638e-02
6.919179e-04
-1.654256e-02
-1.291150e-02
1.858813e-02
-2.266262e-02
-2.028979e-02
1.395302e-02
1.954288e-02
7.548728e-02
-1.697886e-02
-1.822907e-02
4.284193e-03
-7.024891e-04
6.317295e-02
2.666266e-02
-5.347665e-03
7.611060e-02
-2.478842e-02
-1.770375e-02
-1.773798e-02
-4.357516e-02
-2.392576e-02
-5.300098e-02
3.571797e-03
-9.086651e-04
-1.576240e-02
4.001507e-02
3.189659e-02
7.469728e-02
-4.279529e-02
-1.228803e-04
-2.064986e-03
3.932937e-02
2.175867e-02
-1.216664e-03
-1.080680e-03
1.498197e-03
4.069555e-03
-1.827564e-02
7.494180e-02
1.975384e-02
-2.172968e-03
2.199988e-02
-1.187249e-03
1.249691e-02
1.506794e-02
-1.409583e-03
1.842724e-02
-7.604517e-02
1.544968e-02
4.010916e-05
-7.325177e-02
1.899995e-02
-4.551641e-03
-4.580161e-03
2.807466e-03
-2.249976e-02
2.743414e-03
-9.852236e-04
-5.175131e-02
-9.442453e-03
5.613243e-02
-1.493135e-02
-2.237756e-02
-7.674668e-02
-1.978272e-02
-1.724104e-02
-7.866063e-04
1.795320e-03
3.919827e-02
-1.729116e-02
-1.693589e-02
-4.363156e-04
1.669423e-02
-2.201784e-02
2.030522e-02
-3.653060e-02
-1.532018e-02
2.420918e-02
-1.464116e-04
1.520211e-02
3.428518e-03
7.967866e-03
-1.334511e-02
5.101186e-02
-8.609057e-04
-1.783541e-02
3.352046e-02
3.980391e-02
-1.915915e-02
1.904065e-02
7.342644e-04
-3.631568e-03
-1.395801e-02
-5.028247e-02
-1.552535e-03
1.847031e-02
1.745927e-02
9.833562e-04
-2.318432e-02
6.784360e-02
-1.707247e-02
-5.499986e-03
3.107412e-02
-2.267173e-02
2.642253e-04
-1.667629e-02
-2.606800e-03
1.607152e-02
-3.383044e-03
-5.963257e-03
-1.377347e-02
2.193137e-02
-5.593221e-02
1.523130e-02
1.450685e-03
3.323165e-02
-3.991531e-02
4.118198e-03
4.114922e-02
-3.666009e-03
-4.214971e-03
2.169791e-02
7.272839e-03
-6.744817e-02
6.667517e-03
2.050818e-02
-1.469101e-02
2.047203e-02
-2.066524e-03
4.197093e-04
-1.930559e-02
-7.575473e-02
-2.359577e-05
-9.555732e-04
6.832786e-05
7.001988e-02
1.792022e-02
-2.752209e-03
-7.331773e-02
1.564353e-02
4.639806e-03
2.652757e-02
2.184949e-02
-3.622645e-03
-1.269405e-03
-2.170140e-02
1.978834e-02
3.397158e-02
2.104901e-02
-3.616020e-03
4.119912e-03
1.672091e-02
-1.062008e-03
-5.018199e-02
4.133501e-02
-7.435419e-02
-7.625915e-02
2.742320e-02
-4.406825e-04
-6.943653e-02
-1.075215e-02
-1.902324e-02
6.305887e-02
-9.977937e-04
-2.160503e-03
5.087548e-03
4.772573e-03
1.799608e-02
-4.195762e-02
7.315967e-02
4.054331e-02
7.770533e-02
-3.753743e-02
-1.924701e-03
2.188778e-03
-4.309604e-04
4.933798e-02
2.525832e-02
-1.443703e-02
2.264637e-02
-4.354626e-05
1.995284e-02
-1.312147e-02
-1.683755e-02
4.915610e-03
1.320526e-03
-1.796370e-02
9.137278e-03
-3.592416e-02
-1.872409e-03
-4.508356e-02
-7.371744e-02
3.195009e-03
-2.421356e-02
3.846507e-03
-2.888103e-03
2.282694e-02
-7.470011e-02
5.913975e-02
-3.813635e-03
-1.356600e-02
-4.537625e-03
6.003989e-04
2.658971e-04
5.679573e-04
-6.553394e-02
-2.337974e-02
-4.296425e-03
3.594113e-03
2.972552e-03
-2.400595e-02
-2.144709e-02
2.143779e-02
-1.886092e-02
3.746281e-02
1.003930e-03
7.609927e-02
-6.897705e-02
-2.675410e-03
-5.027464e-03
-4.624153e-03
-2.047212e-02
8.482483e-03
-5.216669e-03
-1.940517e-02
-2.307848e-02
-1.768571e-02
4.858127e-04
-1.197436e-02
-2.567322e-02
2.483311e-02
-7.572867e-02
1.859770e-02
3.253936e-03
-2.101821e-02
1.844610e-02
-4.006115e-02
-1.835946e-03
6.682138e-03
-1.467758e-02
1.316144e-02
2.862578e-04
2.005719e-03
4.802422e-02
7.521857e-03
1.842322e-02
-7.307804e-02
1.639245e-02
-2.261031e-02
-3.380262e-02
-3.265845e-02
2.643405e-02
1.491854e-02
-3.570590e-03
-1.788137e-02
-1.812939e-02
-1.938369e-02
-1.912172e-02
-1.779588e-02
-5.569629e-03
3.802339e-02
-5.685420e-04
1.621743e-02
3.331895e-02
2.307655e-02
6.980912e-03
-1.897874e-02
4.583650e-03
-1.253712e-03
-2.359778e-02
-7.011788e-04
7.345801e-03
-5.509465e-03
-3.325371e-02
2.504925e-02
-2.095822e-02
1.678030e-02
-1.725363e-02
3.667404e-02
-2.073055e-02
7.924238e-02
2.374717e-02
-2.052544e-02
-1.884462e-02
6.557232e-02
-5.679029e-03
1.840193e-02
-1.804524e-02
1.534495e-02
1.487767e-02
-1.309222e-02
8.802396e-04
-9.993994e-04
-9.278516e-04
4.139693e-03
6.193703e-02
4.293666e-02
-1.554860e-02
-6.890490e-02
-1.358275e-02
-4.940910e-04
3.946019e-02
-2.275000e-02
2.136881e-02
-6.123555e-02
-6.874253e-02
-1.701719e-02
1.562052e-02
-5.254768e-02
-8.765334e-04
7.384483e-02
4.346676e-02
-2.019256e-02
1.694480e-02
-2.055422e-02
-1.631611e-03
-5.912674e-02
-5.895157e-03
2.403686e-02
-2.139349e-02
1.920850e-02
-2.150415e-03
-7.591854e-04
-1.034959e-03
2.056709e-02
5.014502e-02
-1.867688e-02
1.717084e-02
-9.512866e-04
-3.850325e-02
-2.018955e-02
-3.549702e-02
-8.860398e-04
-1.539026e-02
-6.329774e-02
-2.294761e-02
6.111412e-03
-3.800230e-02
1.477140e-02
-6.389305e-05
1.663697e-02
-3.714708e-02
-5.464178e-02
-1.304906e-02
3.203510e-02
-1.007875e-02
-3.798236e-03
2.108442e-02
-2.130486e-02
5.532686e-02
-2.113072e-02
1.342682e-02
-1.679288e-03
2.388823e-02
-1.769409e-04
4.375115e-04
-3.050687e-03
-2.017786e-02
-1.690425e-02
4.244258e-02
3.475316e-03
-5.843995e-02
-3.726780e-03
3.443384e-02
4.404690e-03
-1.736482e-02
-4.163544e-03
7.826377e-02
-1.267301e-02
-1.949640e-02
-4.301921e-03
-1.358247e-02
7.920641e-05
1.519517e-02
-1.479302e-03
7.683605e-02
4.252996e-03
1.316175e-02
3.560830e-02
1.248840e-02
5.552247e-03
-2.339925e-02
4.850699e-03
6.145758e-02
4.052492e-03
2.008447e-02
2.156729e-03
-1.446811e-02
-6.101217e-04
1.890313e-02
2.042687e-03
-3.363090e-04
-1.792962e-02
-1.372611e-02
-1.798841e-03
2.059554e-02
3.049058e-02
-3.857664e-04
2.692236e-02
4.026865e-03
-3.632092e-03
1.335361e-02
4.232242e-02
-3.302018e-02
2.317425e-02
-2.061726e-02
-7.136653e-03
3.012306e-02
-1.793184e-02
-3.728839e-02
1.738183e-02
7.966147e-02
-1.236813e-02
2.613637e-03
-3.624618e-03
1.998918e-02
-2.582637e-03
-1.124743e-03
4.454360e-04
-2.121294e-02
1.951151e-02
-6.112239e-02
-3.034568e-03
1.662625e-02
-1.526876e-02
-3.881529e-03
3.452856e-02
-1.988798e-02
1.664048e-02
-2.745127e-03
-1.180256e-02
2.109474e-03
-3.880853e-02
-7.870281e-02
-7.258007e-02
1.605670e-02
3.015627e-03
7.596515e-02
3.471596e-02
2.317071e-02
-2.032746e-02
-2.562057e-02
2.084622e-03
-2.326785e-03
4.448144e-03
1.601049e-02
-2.361941e-03
3.607382e-02
-4.311540e-02
-7.030814e-02
-1.163732e-03
4.983576e-03
-3.544470e-02
1.927261e-02
2.081022e-05
4.181535e-03
-1.476716e-03
-2.126014e-03
2.231662e-02
-2.816311e-03
-3.902407e-02
2.063707e-02
1.027858e-03
6.864196e-04
6.338862e-02
-6.431502e-03
1.738496e-02
1.080711e-02
1.885960e-02
-1.989393e-02
4.348743e-03
-2.230074e-02
1.356485e-02
-7.305524e-04
-2.272590e-02
1.934299e-02
2.124563e-03
-6.088405e-02
-3.755883e-02
-2.521431e-03
2.074154e-02
-6.421744e-02
3.737292e-02
-7.253958e-02
1.553464e-02
-2.557871e-02
-2.182904e-02
3.491910e-03
1.746003e-03
2.598718e-02
-1.391015e-02
-7.792432e-02
-1.808071e-02
-2.074598e-02
1.770075e-03
1.974874e-02
4.287584e-03
-1.598036e-02
-7.731796e-02
-7.918259e-02
1.958301e-02
2.647854e-02
1.541805e-02
2.216605e-02
-1.516509e-02
2.140387e-02
-1.704771e-02
8.744528e-03
-4.260728e-03
4.825366e-03
-1.218444e-03
9.793401e-03
3.594606e-02
-2.626310e-02
2.378199e-02
-1.580212e-02
-1.808546e-02
2.848596e-03
4.950911e-03
1.686000e-02
4.377827e-04
-1.192418e-02
2.340765e-02
-2.022307e-02
5.486788e-04
1.234147e-02
-9.745126e-03
3.906685e-03
-3.227887e-02
1.036751e-03
-4.012088e-03
2.117229e-02
4.839431e-03
1.218461e-03
4.656259e-04
1.311536e-02
9.550587e-04
-4.656691e-03
7.392658e-04
3.242575e-04
-1.647016e-03
-2.240413e-02
-3.672430e-02
4.030516e-03
-1.405268e-02
-4.649234e-03
1.724396e-02
3.544758e-03
-1.342948e-02
7.248175e-03
5.581301e-02
1.843382e-05
-2.243280e-02
-1.775295e-03
1.621335e-02
1.136311e-02
1.960683e-02
1.536865e-02
5.352287e-03
2.164415e-02
-2.563027e-03
-3.880403e-02
-3.348089e-02
-3.344448e-03
-1.204836e-02
6.087693e-02
-4.094823e-02
4.692480e-05
2.557308e-02
-2.323717e-02
-1.821300e-02
1.393940e-02
3.107928e-03
-5.068518e-03
-2.001837e-02
-1.818226e-02
2.407544e-02
-1.749409e-02
-2.060480e-03
-1.824934e-02
-1.251017e-02
-5.500898e-03
3.662777e-02
4.776531e-02
2.402439e-02
2.914046e-02
9.562368e-04
3.071808e-03
-1.432033e-02
-2.022045e-02
1.961592e-02
2.268222e-02
6.360425e-04
3.969140e-02
-3.131706e-03
1.238808e-02
5.717558e-03
-7.849027e-02
1.713130e-02
1.091607e-03
-1.944518e-03
-6.139541e-03
-2.516940e-03
1.376970e-02
-5.972623e-03
-3.678138e-02
-6.421766e-02
-7.702804e-02
-3.471076e-02
1.360566e-02
-5.479021e-02
9.649396e-05
1.688233e-02
1.664549e-02
1.109576e-03
1.226683e-02
-1.701785e-02
-1.340606e-02
2.384322e-02
-5.007602e-04
3.173041e-03
-1.613851e-02
-1.914695e-02
-3.805946e-03
-2.330169e-03
2.327992e-02
-2.307718e-02
6.467738e-02
4.522313e-03
9.924252e-04
-2.051360e-03
2.647555e-03
-1.781911e-02
2.400218e-03
-2.850215e-04
2.322399e-02
2.097431e-02
-1.895159e-02
-3.556328e-02
-3.115671e-03
1.693661e-02
2.468781e-02
-3.323855e-03
-1.676055e-02
3.420312e-03
-3.351114e-02
-2.738474e-04
-1.720191e-02
2.408608e-02
-1.770384e-02
2.052023e-02
-1.656403e-02
-2.493482e-02
2.130138e-02
6.290976e-03
1.874344e-03
2.266408e-02
6.079132e-02
-2.632132e-02
-8.424428e-04
1.741843e-02
2.627330e-02
5.531936e-02
3.553826e-03
-7.286754e-02
3.697055e-03
1.064594e-03
5.962498e-02
1.279154e-02
-7.110761e-02
2.105832e-02
1.912809e-02
-4.201792e-02
1.445802e-03
-3.568922e-03
-1.813441e-02
2.448499e-03
-8.203661e-04
-1.617645e-02
2.119369e-02
2.015855e-02
3.412156e-04
-6.948827e-02
-2.250759e-02
-2.057201e-03
-2.103579e-02
5.222712e-02
-1.927711e-02
-4.092426e-02
1.583531e-02
-1.757206e-03
-2.036261e-02
1.973979e-02
-7.600543e-02
-1.695295e-02
-3.511884e-02
6.554440e-03
-6.678146e-02
3.627063e-03
1.839564e-03
-2.114280e-02
2.204450e-02
7.956814e-02
-2.413657e-02
4.920029e-02
-5.377511e-02
2.890734e-02
7.265155e-04
-2.015060e-02
-2.852975e-02
8.436561e-03
-4.153228e-02
-3.230797e-02
-1.275641e-02
2.132132e-02
-3.587577e-02
1.632959e-02
2.176766e-02
-2.044731e-02
-1.599190e-02
-6.201277e-02
4.465412e-03
2.023942e-02
-6.388057e-03
5.880504e-02
3.007136e-04
6.744187e-03
-1.950534e-02
-1.769142e-03
2.323599e-02
2.092593e-02
6.172664e-02
-2.025868e-02
-3.324292e-03
-1.214911e-03
1.636969e-02
6.381966e-03
-5.745381e-02
-2.368614e-03
2.673272e-03
1.741825e-02
2.264914e-02
2.505880e-02
1.608222e-02
4.857191e-04
2.506520e-03
-1.799071e-03
1.980261e-02
-2.749727e-02
-2.161495e-02
-1.769856e-02
3.040287e-02
9.619964e-03
5.175708e-03
1.955806e-02
5.850333e-02
1.109311e-02
1.220105e-02
6.057722e-02
-1.601038e-03
-5.553340e-02
-7.400727e-02
2.089916e-03
5.505042e-02
9.818244e-03
-2.018681e-02
3.491675e-02
2.329746e-02
4.806614e-02
1.760419e-02
1.421800e-03
-4.567336e-03
1.782802e-02
-2.079524e-02
2.236423e-02
2.229048e-02
-3.438647e-02
7.740504e-02
1.390270e-03
1.636886e-02
-2.259225e-02
7.598722e-02
2.791106e-03
1.318170e-04
4.256983e-03
1.923222e-02
2.311882e-02
8.976727e-04
1.075864e-03
1.581147e-02
1.809609e-02
-5.220723e-02
-2.345526e-02
1.632920e-02
2.830318e-03
-7.377650e-02
3.525827e-02
4.174917e-02
8.872094e-03
-3.958951e-02
-7.375434e-02
7.824247e-02
1.430560e-02
1.559025e-02
-6.174177e-02
2.142171e-02
-3.231801e-03
2.432319e-02
1.381176e-02
-4.890397e-02
6.812264e-02
-2.454961e-02
8.180735e-03
-1.861512e-04
1.786077e-02
-8.088938e-03
5.239550e-03
1.387181e-02
-6.284524e-02
2.025783e-02
2.681032e-02
1.701826e-02
1.758005e-02
-1.999541e-02
-8.009784e-05
1.734636e-02
1.913111e-02
-2.036386e-02
2.007377e-03
7.896977e-03
4.734362e-03
-1.579293e-03
-5.835198e-02
-1.247944e-03
1.649652e-02
6.737008e-02
-8.532440e-04
-1.692557e-02
-2.134790e-02
3.080772e-02
1.569740e-02
1.864043e-02
6.663416e-03
7.260271e-03
-7.326020e-02
3.249811e-02
-5.192878e-03
2.164073e-02
-1.551998e-03
1.662084e-02
-2.252776e-02
4.587192e-02
3.273457e-03
-3.867076e-03
1.211172e-03
2.232489e-02
2.365101e-02
1.671415e-02
-1.305963e-02
1.374647e-02
4.984970e-02
1.857106e-02
-6.259342e-03
6.986934e-02
3.279146e-03
-1.808843e-02
-1.618119e-03
1.729585e-02
1.726250e-02
-1.936287e-04
2.439165e-02
-2.114047e-02
4.331565e-03
-6.298354e-03
1.598674e-03
-7.924309e-04
-6.940153e-02
-4.425055e-03
2.724176e-03
2.136246e-02
-2.353763e-02
1.548894e-03
1.727483e-03
2.438817e-02
5.698864e-02
4.050972e-02
1.796301e-02
-1.855391e-02
1.638023e-02
-4.332350e-02
-3.823337e-02
6.422920e-02
7.404916e-03
1.313736e-02
-5.914320e-02
7.960319e-02
7.498414e-03
-2.044649e-02
3.895901e-02
-1.470969e-03
-4.258388e-02
-1.609507e-02
-5.535773e-03
-7.308310e-04
-3.611849e-03
-6.975676e-02
-3.850353e-02
4.849497e-05
-1.137657e-04
3.843482e-03
-2.156325e-02
-5.127409e-03
-1.352773e-02
-7.514718e-02
-1.708319e-02
2.290086e-02
7.646812e-02
2.184751e-02
-7.392684e-02
2.320404e-02
-6.358882e-04
-1.640943e-02
-2.055112e-02
2.675183e-02
1.222076e-02
-2.239594e-02
-5.026741e-02
-2.293285e-02
-3.167628e-04
2.981747e-02
2.274543e-02
1.958700e-02
2.047174e-02
-4.743296e-02
-2.628045e-02
-1.659896e-02
5.778291e-03
1.814510e-04
2.347836e-02
-3.657444e-02
-3.010236e-02
1.486325e-03
-1.610733e-02
5.419227e-02
9.082305e-03
-4.240127e-02
5.597625e-04
1.442387e-02
-5.500348e-02
-7.626329e-04
-1.900079e-02
-2.684020e-03
-7.243042e-02
2.281280e-02
2.035239e-02
-1.373019e-02
-1.377753e-02
1.409807e-03
-2.395712e-02
4.122320e-02
-2.324761e-02
-2.851019e-03
-1.830104e-02
7.597499e-02
-3.141350e-02
-2.120348e-03
4.443043e-03
-3.575102e-03
4.070851e-02
3.135349e-03
-1.666935e-03
1.638111e-02
6.040047e-02
5.059983e-03
-3.833414e-02
1.471916e-02
1.494227e-02
1.942875e-02
2.103984e-02
-3.426119e-03
-1.991016e-02
1.736789e-02
-1.483637e-03
2.152134e-02
-5.591537e-02
3.898321e-03
-2.183010e-02
2.463813e-02
-5.168902e-02
-3.504125e-03
-5.787373e-02
-3.265734e-03
4.259195e-02
-7.318275e-02
-7.849766e-02
-4.638564e-03
-2.179282e-02
8.467007e-04
-1.582694e-02
-6.435038e-03
-7.700468e-04
-2.143820e-02
-4.005339e-03
-1.468674e-02
3.123525e-03
-3.301047e-02
-5.079317e-03
-5.422849e-04
2.243053e-02
-1.809872e-03
-1.792240e-02
1.685518e-02
-2.185222e-02
-3.306932e-04
-1.477377e-02
-1.570531e-02
-3.924180e-02
-2.340598e-02
1.381204e-03
-1.688129e-02
1.884338e-02
3.439451e-03
1.494650e-02
6.361507e-02
1.657904e-02
-1.926609e-02
1.482352e-03
-2.582952e-02
6.386622e-03
-6.851242e-02
-2.940065e-02
2.233654e-02
-1.989994e-02
-1.561692e-02
-4.532466e-03
-1.534317e-02
6.965220e-02
6.761851e-04
-1.613159e-03
-1.944231e-02
-1.668574e-02
-1.436788e-02
-7.136405e-03
2.299565e-03
-1.754079e-02
7.532254e-02
2.223388e-02
-3.361097e-04
-1.046557e-03
-1.885452e-02
1.411946e-03
-3.322082e-03
1.396414e-03
1.202024e-03
-3.894541e-03
2.486591e-02
1.411071e-02
2.008693e-02
-6.619297e-02
-1.040771e-02
3.021466e-02
1.731875e-02
-3.807548e-02
-1.456197e-03
-3.668100e-02
-5.740732e-02
-3.834908e-03
-9.548169e-04
-4.183149e-03
-1.381730e-02
2.145685e-04
6.734065e-02
4.717187e-02
-1.652050e-02
-1.514899e-03
2.142956e-02
2.038769e-02
-4.850845e-03
1.252746e-02
2.615166e-03
3.854064e-02
3.408674e-02
-1.051716e-03
-5.414395e-04
6.927743e-02
-1.905275e-02
-7.429110e-02
3.058078e-02
2.672359e-02
-6.842639e-03
-9.964683e-03
-1.790291e-02
3.719059e-02
1.511154e-03
6.707497e-02
-2.613572e-02
-1.805018e-02
5.726680e-02
2.352714e-02
-2.644741e-02
-1.631582e-02
2.777868e-03
5.195546e-03
-1.664499e-02
-5.438988e-03
3.373733e-02
-2.556648e-03
1.860915e-02
1.542551e-02
1.644866e-03
6.409368e-02
-3.037424e-02
7.745671e-03
6.412488e-02
-1.498498e-02
-7.033425e-02
-3.532866e-02
6.762745e-03
-1.249241e-02
-4.715579e-02
-1.757646e-02
5.615442e-03
1.936867e-02
1.882324e-02
5.447450e-02
1.398067e-02
5.430655e-02
-5.710272e-02
5.412859e-03
2.026232e-02
5.892743e-02
-2.801763e-03
7.942745e-02
-3.767691e-03
-6.923167e-02
3.582102e-02
3.109303e-03
6.300184e-02
7.486998e-02
-3.216133e-02
-6.024992e-02
-1.648476e-02
1.968680e-02
-2.810450e-03
-6.490857e-02
1.332611e-02
-1.532533e-02
-1.520646e-02
-5.897934e-03
1.996120e-02
-6.381290e-03
-6.151193e-03
-1.815431e-02
1.452585e-02
-2.037487e-02
-3.907737e-03
-2.023937e-02
1.268175e-03
1.267932e-02
1.765973e-02
3.296993e-03
5.906500e-02
1.460673e-03
-7.694598e-02
-5.561581e-02
7.984974e-03
3.131039e-03
1.983573e-02
1.721869e-02
-3.675869e-03
2.321209e-02
8.303329e-03
-2.437818e-03
2.911380e-03
5.039201e-02
1.943884e-03
2.252702e-02
1.486120e-02
6.363235e-02
1.327515e-02
-4.268777e-02
7.851317e-02
5.403661e-02
1.041862e-03
-1.808067e-02
-5.308069e-02
2.323848e-02
-1.533716e-02
-3.285450e-03
-8.063763e-07
-8.468140e-03
2.551818e-03
1.798424e-02
3.577495e-03
-1.976666e-02
-2.766231e-02
-5.390517e-02
-4.574452e-03
3.671577e-02
1.385099e-02
-2.547442e-02
-1.288802e-02
-1.534433e-02
1.775681e-02
1.112698e-03
-3.959229e-02
-1.904989e-02
-2.302658e-02
-7.039959e-02
5.266386e-02
4.148055e-03
7.723951e-04
-1.056186e-02
-2.069263e-02
-1.184022e-03
-3.857345e-04
-3.552411e-04
-1.916815e-02
-2.096036e-02
-4.982522e-03
-1.474663e-02
-3.480695e-03
-4.078653e-03
2.386008e-03
2.535131e-02
-1.856026e-02
-2.549379e-02
6.601311e-02
-1.473747e-02
2.025425e-02
4.867184e-04
1.205880e-02
-2.427366e-02
-1.341073e-02
4.314732e-02
-7.403638e-03
1.921032e-02
2.155553e-02
-7.559377e-02
-1.076699e-03
-2.515952e-02
6.406025e-02
-4.467598e-04
1.214196e-02
-1.445305e-03
-1.356316e-03
-3.857065e-02
-2.324004e-02
2.092590e-02
1.900424e-04
-1.603532e-03
2.996394e-02
-2.134085e-02
-3.572145e-02
1.960225e-02
-3.505604e-02
-7.275978e-02
2.269068e-02
-6.451846e-02
1.206016e-02
1.739077e-02
-1.514789e-02
-1.785684e-02
-2.035078e-03
1.702223e-02
5.814922e-03
1.981761e-02
-5.600911e-02
-1.960381e-02
-1.417217e-02
-3.156026e-02
2.679009e-02
2.461495e-04
5.609876e-03
2.376350e-02
-5.482935e-04
-4.236889e-04
3.033852e-03
-2.485854e-03
5.237273e-04
2.198431e-02
-2.310484e-03
4.761467e-03
-2.106163e-03
7.879471e-04
2.915711e-02
-6.050823e-02
-2.157884e-02
-3.176135e-02
3.995432e-02
-5.169213e-06
1.897780e-02
-7.344085e-03
-2.037669e-02
-2.646326e-03
1.360775e-02
-3.553861e-03
-2.048555e-02
-7.373920e-02
1.482674e-04
2.444105e-03
-1.449774e-03
7.138781e-03
2.823749e-03
-2.628932e-03
-1.753315e-02
2.360337e-02
7.894372e-02
-6.921448e-04
-7.725186e-02
-1.542060e-04
1.981293e-03
6.533768e-02
-2.066522e-02
-2.499510e-02
3.256928e-02
-1.457701e-02
2.376274e-03
6.964160e-03
1.656814e-02
-8.087469e-03
-6.935775e-02
-4.532898e-03
6.762495e-02
-3.604135e-02
-1.999012e-02
2.100686e-02
2.104070e-02
2.181921e-02
-2.458365e-02
6.611768e-03
4.202725e-04
7.098225e-02
1.525686e-02
3.401529e-05
2.557216e-03
1.967597e-02
-2.215156e-02
-1.684751e-02
6.268165e-03
1.666972e-02
-1.791249e-02
-1.983356e-03
2.354133e-02
6.012167e-02
-6.781466e-02
-4.690738e-02
-9.878926e-05
-3.536654e-02
-1.922568e-03
2.050100e-02
-2.200851e-03
-3.002364e-02
-7.727023e-02
1.778681e-02
4.015512e-04
4.452652e-02
-2.846999e-03
8.141480e-03
-1.509947e-03
2.464306e-03
2.698708e-03
3.693665e-02
-1.519748e-02
-2.552380e-02
-6.541062e-02
-2.068972e-02
1.247984e-02
5.850592e-02
2.476210e-03
1.748061e-02
3.246260e-02
-3.594446e-03
1.700463e-02
-2.320484e-03
-9.770302e-03
2.297454e-02
-3.928899e-02
2.347665e-02
6.053152e-03
-7.267486e-02
-1.670124e-03
2.401293e-02
-1.609307e-02
2.131309e-02
-2.450393e-02
7.302892e-02
-4.391098e-02
1.826614e-03
1.411290e-02
1.697811e-02
5.267769e-02
-4.495584e-02
1.659452e-02
-7.571183e-02
-1.124424e-02
-4.312152e-02
1.478721e-02
2.151921e-02
3.634861e-02
-2.235937e-02
1.819578e-02
-3.556797e-03
-1.959254e-02
1.738067e-02
3.888335e-03
3.812524e-02
-5.467531e-02
5.477136e-02
-2.893068e-03
-2.005738e-02
-3.855093e-02
7.374611e-03
-3.324183e-02
-1.475905e-02
-3.629204e-02
-3.639183e-03
-2.661573e-03
2.018630e-02
1.258341e-03
2.867816e-03
1.441318e-02
4.391790e-02
2.048372e-02
-1.901541e-02
6.799536e-04
-1.797822e-02
-1.867543e-02
-7.867592e-02
2.252610e-02
-4.362546e-02
-2.098781e-02
5.486024e-03
-4.057233e-03
1.505016e-02
-2.004408e-03
1.449944e-03
7.701920e-02
-5.859020e-03
2.585456e-02
-6.724593e-02
-2.541466e-02
1.166255e-02
-6.836311e-02
1.795333e-02
-1.338173e-02
2.145191e-02
9.047844e-05
-6.298791e-02
-2.285917e-02
6.242255e-02
3.966932e-03
2.169722e-02
1.358273e-03
-7.048253e-02
-7.032777e-02
3.822118e-04
-7.348538e-02
-1.684368e-05
-1.542606e-02
-5.277498e-04
1.728242e-02
-3.658738e-03
1.901614e-02
-1.431125e-02
2.053499e-02
5.908187e-02
2.708655e-03
1.029940e-03
-4.205058e-02
1.219763e-02
-7.252191e-04
-2.320204e-02
1.970037e-02
-4.556666e-03
-1.180786e-03
3.616627e-02
-1.854543e-02
-1.299813e-02
3.231220e-03
7.746787e-03
2.844816e-03
1.851193e-02
1.608293e-02
4.235678e-02
-1.579651e-02
-5.120382e-02
4.196592e-03
-1.345907e-02
3.553682e-02
1.705591e-02
-1.291357e-04
-6.875688e-02
2.388524e-02
1.489658e-02
-6.096037e-04
5.236454e-04
2.042967e-03
2.214843e-03
1.807731e-03
-6.618702e-02
-2.349301e-03
-3.720647e-02
6.219640e-02
2.185841e-02
-1.776628e-02
7.678253e-02
2.105921e-02
-1.888471e-02
-1.108840e-03
-7.047217e-02
6.576855e-04
-3.626993e-03
-4.648410e-03
-5.473459e-02
5.679488e-05
-6.553117e-02
-1.895933e-02
-2.271257e-02
1.757704e-02
-1.417047e-02
2.061544e-02
-9.338895e-03
-7.818419e-04
-3.759758e-02
2.437842e-02
-6.400072e-02
2.010112e-02
1.816428e-02
-6.068861e-02
-1.535585e-02
7.068878e-04
-2.759483e-02
-7.810365e-02
5.857037e-03
-1.928153e-02
2.417777e-02
-1.152815e-03
2.955032e-02
-1.730108e-02
-1.923674e-02
-1.982614e-02
2.082457e-02
-2.657032e-04
8.579948e-04
2.082556e-02
-1.969167e-03
-2.276982e-03
6.562836e-03
3.587583e-03
7.666656e-02
1.617364e-02
-1.643635e-02
1.555558e-03
-1.986453e-03
1.741769e-02
-1.538096e-02
-3.709189e-02
3.211884e-02
-2.281191e-02
-2.446571e-03
2.294043e-02
2.168362e-02
-3.508241e-03
-4.444315e-03
1.529002e-02
7.466574e-03
-3.280120e-02
2.412970e-02
4.182517e-02
3.742853e-03
-4.724126e-03
1.306194e-02
-2.360735e-02
-5.438893e-02
1.405557e-02
2.080610e-02
-8.261585e-03
-8.198523e-04
5.931478e-02
-7.697224e-02
6.138131e-03
-1.887059e-02
-3.729135e-02
5.675402e-03
5.708975e-02
-1.876660e-02
4.570156e-02
5.474715e-03
-3.781906e-03
1.468515e-02
-4.247879e-02
5.514089e-04
-1.414785e-02
3.214320e-02
2.686046e-02
-8.500224e-04
-5.163723e-03
3.026757e-02
9.360577e-03
1.324796e-03
-1.637053e-02
-6.637279e-02
4.703076e-03
5.483978e-03
2.386343e-02
-1.661371e-03
1.358081e-02
-2.546702e-03
-3.299896e-02
-1.680372e-02
-5.311784e-02
2.443045e-02
-1.519223e-02
3.392060e-02
-3.205617e-03
3.272084e-03
1.652721e-02
-1.244958e-02
1.995795e-02
-7.609093e-02
-1.430123e-02
5.010622e-02
-1.771982e-02
-1.569287e-02
-3.284470e-04
-7.803544e-02
2.276064e-02
-2.582059e-02
-1.757987e-02
2.912895e-03
-7.286860e-04
-1.521861e-02
3.545113e-02
-1.250084e-02
-5.676801e-02
-4.606999e-02
-2.426699e-02
-1.317371e-03
6.199584e-02
-2.920204e-04
1.740291e-02
2.423262e-02
2.198750e-02
-9.132703e-04
7.198729e-03
-1.941801e-02
-2.450469e-02
7.686729e-02
7.523048e-02
5.936001e-02
-1.983384e-02
2.355497e-02
3.342349e-02
6.130742e-02
-7.242726e-02
-3.953421e-02
3.658932e-02
1.838643e-02
1.828553e-03
2.383491e-03
1.574271e-02
-3.649098e-02
2.010947e-02
-1.651547e-03
-2.776395e-02
-1.891358e-02
6.245563e-03
-3.640788e-04
3.297919e-02
1.670499e-02
-1.681654e-02
2.000306e-02
-1.333793e-02
2.747884e-02
-1.042453e-03
-5.293645e-02
-1.233408e-03
1.746283e-02
7.737774e-02
5.012116e-03
1.837721e-02
7.639003e-02
-4.640091e-02
7.899390e-02
4.775922e-02
2.447228e-02
-1.462188e-02
-2.241052e-02
-7.217600e-03
2.831458e-03
6.833482e-02
-3.952704e-02
-1.428823e-02
-1.726073e-02
1.474501e-03
-2.428386e-02
1.146190e-02
-3.646442e-03
3.810845e-03
-4.206946e-02
2.120975e-02
-1.907344e-02
1.583813e-03
-2.194812e-03
-1.876993e-02
-1.379223e-04
3.541690e-04
6.578182e-03
2.134706e-02
3.002142e-02
1.634906e-02
-2.230480e-02
5.275225e-02
5.760226e-02
-2.985261e-03
-9.026363e-04
3.049671e-03
6.320465e-02
2.146796e-02
6.981496e-03
-8.327725e-04
2.086620e-02
-7.643473e-02
-1.962610e-02
-1.946944e-02
-6.474549e-03
-7.062761e-02
1.157430e-03
7.350742e-02
1.295444e-02
-2.202124e-02
7.836186e-03
-7.511361e-02
-1.948637e-02
-4.693493e-02
6.480768e-02
1.465969e-02
-1.343225e-02
3.474582e-05
-3.535305e-02
5.225060e-02
-1.866491e-02
-1.590170e-02
-3.215254e-03
1.696102e-02
-3.433228e-03
1.457629e-02
7.840065e-02
7.742530e-02
1.638065e-02
1.947312e-03
-2.519815e-03
-7.514829e-02
6.424487e-02
3.931048e-02
-2.114557e-02
-8.837409e-04
1.715643e-02
2.678721e-02
4.728225e-02
-1.359594e-02
-7.413928e-02
1.655086e-03
8.853607e-03
-1.071098e-02
1.592250e-02
-4.971623e-03
-2.934519e-03
1.846619e-02
7.365303e-02
-7.038990e-02
-4.600188e-03
-3.970583e-02
-2.348675e-02
-4.868620e-02
2.109025e-03
-6.094991e-02
1.974252e-02
2.057636e-02
-2.064741e-02
-1.812986e-03
4.579085e-03
3.177750e-03
1.894719e-02
2.701473e-02
3.720729e-03
-7.200329e-02
2.043200e-03
-7.139648e-02
-5.236855e-03
2.912478e-03
2.522209e-02
1.888789e-02
-6.884962e-02
1.887904e-02
3.742140e-03
-2.015275e-02
2.075669e-02
-3.598982e-03
-1.095969e-03
2.120158e-02
-3.976530e-02
3.304810e-02
-5.414706e-02
-6.733125e-02
1.769336e-02
-5.859022e-02
3.703643e-03
-3.765018e-02
6.349069e-03
-1.495476e-02
5.295371e-02
-2.061848e-02
3.063637e-02
-6.653445e-04
-1.669336e-03
1.637772e-03
2.074898e-02
-6.506761e-02
1.331849e-03
-1.198735e-03
9.466931e-05
-1.993136e-02
2.305585e-02
1.443705e-02
-1.307654e-02
-1.944485e-02
3.604807e-02
1.451561e-02
-1.718903e-02
2.432941e-03
-7.903348e-04
-1.776919e-02
-1.437919e-02
2.060566e-02
-2.049078e-02
1.598266e-02
-2.470720e-02
-6.272596e-04
2.240593e-02
-2.929153e-02
4.448777e-03
7.385707e-04
-2.044783e-02
-4.411777e-02
-3.753380e-02
2.233335e-02
-7.805371e-02
1.208814e-03
-1.185278e-02
-2.113947e-02
-1.436640e-02
3.679836e-03
2.274105e-02
2.097707e-02
-2.262278e-02
1.931444e-02
-1.617661e-02
-3.422007e-03
4.423676e-02
-2.091816e-03
-9.627477e-04
1.974798e-02
-1.867496e-02
-3.046738e-03
-2.128786e-02
3.594722e-03
-2.503526e-02
3.921946e-03
-4.133000e-03
-7.694413e-02
7.522249e-02
-2.223900e-02
3.447907e-02
1.714520e-02
-7.609032e-03
-5.604449e-03
-4.606980e-03
3.277363e-02
2.002743e-02
3.197509e-02
-1.322121e-02
7.570468e-02
-2.495678e-02
1.722032e-03
3.460602e-02
-5.744480e-03
1.765718e-03
-3.332653e-02
1.925341e-02
2.967235e-02
-1.417135e-02
1.342161e-02
-8.605583e-04
-1.853613e-03
1.150531e-02
2.958057e-02
-1.920915e-03
-3.305154e-03
-3.198573e-02
4.306271e-02
1.728954e-02
3.804017e-03
6.155430e-03
-3.159580e-03
-2.310284e-03
-1.410352e-03
-1.095216e-03
-7.262279e-02
-1.302524e-03
-2.335392e-05
-2.213987e-02
2.061318e-02
3.748151e-02
-3.788640e-02
-3.853851e-02
1.770375e-02
2.270581e-02
4.745572e-03
7.941989e-04
4.432960e-02
-1.789778e-02
-6.237850e-02
-3.971122e-02
8.676221e-04
7.988085e-02
1.612203e-02
5.741242e-03
-5.882416e-02
1.815567e-03
-1.536158e-02
7.475530e-02
-2.919690e-03
6.390919e-03
-1.583206e-03
1.957419e-02
1.529174e-02
-2.814853e-03
-7.498203e-02
3.999178e-03
-1.923910e-02
-1.682320e-02
-5.854774e-02
1.713433e-02
-2.263066e-02
-3.650607e-03
1.907513e-02
-1.488991e-03
-2.399017e-02
-2.177098e-03
2.924263e-03
1.819282e-03
2.327732e-02
-1.885632e-03
5.887354e-02
2.524391e-02
1.786704e-02
-3.409846e-04
3.847018e-02
-2.603348e-02
1.333331e-03
5.265355e-03
-2.716781e-03
3.809740e-03
7.861290e-03
-4.390660e-02
-4.240997e-03
-7.992504e-03
-4.022688e-03
1.940458e-03
-5.333062e-05
-6.657014e-02
2.626869e-02
6.688602e-02
-7.085168e-02
-2.526409e-02
2.456502e-02
1.119345e-02
-2.699448e-02
1.580757e-02
1.238744e-02
-3.189768e-03
-1.851459e-02
2.258322e-02
1.493043e-02
-1.696425e-02
2.326497e-02
-2.192882e-03
1.970472e-02
6.985455e-02
4.594739e-03
-7.673243e-02
2.143143e-02
4.286079e-04
-1.952666e-02
1.311804e-02
1.494630e-03
-2.258006e-02
7.040275e-03
-7.905006e-02
-6.855528e-02
-3.835677e-02
-2.425590e-03
-5.538307e-03
-1.967606e-04
9.744982e-03
-1.569914e-02
-1.986684e-03
-6.550385e-02
-1.628543e-03
1.711293e-02
3.793149e-02
6.727978e-03
-1.567047e-02
-1.241081e-02
3.043658e-02
-3.046455e-03
2.025412e-02
1.911871e-02
1.958520e-02
-1.678998e-02
-2.964678e-02
2.152436e-02
2.131272e-02
1.453386e-02
2.492135e-03
2.315767e-02
1.865880e-04
-3.677841e-02
3.768189e-02
-2.045516e-02
1.584763e-02
-8.999310e-04
-1.974449e-02
7.456877e-02
-5.901295e-03
4.864251e-03
-1.982125e-02
-7.110000e-04
-4.170243e-02
1.917160e-02
4.675203e-02
7.248718e-02
5.386504e-03
1.458383e-03
2.704838e-02
-9.228229e-03
2.889337e-03
2.611093e-02
-7.847356e-02
-6.135373e-04
1.422171e-02
5.885940e-02
-4.467647e-03
-6.686202e-02
-2.003000e-02
3.196763e-02
-1.269158e-02
7.303667e-02
-1.494420e-02
-4.307669e-02
1.538296e-02
2.446588e-02
-2.434888e-04
3.823083e-03
-5.624198e-03
1.937230e-02
7.192252e-04
2.205821e-02
-1.036037e-03
1.645251e-02
2.320616e-02
-5.361038e-02
5.765584e-04
9.247534e-04
4.639408e-04
4.875754e-03
-1.830682e-02
-4.735547e-03
-1.768118e-02
2.271112e-02
1.706049e-02
1.624021e-02
-5.369845e-02
-1.839369e-02
-1.276766e-02
1.787260e-03
-7.256885e-02
1.979485e-02
-6.774263e-02
-3.560418e-02
-2.364328e-02
-2.538473e-02
1.988895e-02
-4.322721e-04
2.223049e-03
4.679111e-02
4.766948e-03
-2.003053e-02
-8.619166e-03
1.976644e-02
-5.949169e-02
-1.656086e-03
7.025012e-02
-6.760463e-02
-2.141231e-02
1.358089e-02
-4.280603e-02
-7.900426e-03
-5.087121e-02
6.244516e-04
-5.454518e-02
7.868983e-02
-5.982806e-04
-3.883085e-03
-9.465068e-03
5.967245e-02
-6.493099e-02
1.866823e-02
5.476673e-02
2.345971e-02
3.706766e-03
2.257086e-03
-4.446214e-03
6.019541e-03
7.735961e-02
-2.432292e-03
1.904022e-02
2.396448e-02
6.423827e-04
-5.807588e-02
1.388082e-03
-4.647211e-02
-4.617146e-03
-1.425841e-03
-5.054363e-04
1.659217e-02
1.844854e-02
2.297228e-02
6.113604e-02
1.635776e-02
2.579953e-02
1.335040e-03
6.622920e-03
1.754224e-03
4.218476e-02
5.421142e-03
6.921071e-02
-2.199442e-02
1.868415e-02
-3.646773e-02
-2.970648e-03
2.912152e-02
2.589775e-02
1.865545e-02
-3.330831e-02
-1.746666e-02
-2.853497e-03
-5.656232e-02
9.028763e-03
-7.467673e-02
-1.962045e-02
-1.872791e-02
2.688887e-02
1.674360e-02
-4.020655e-03
-8.012622e-03
1.759615e-02
3.262625e-03
-1.727160e-02
1.926532e-02
3.587290e-03
-1.488423e-03
-2.527159e-03
-2.716104e-03
-4.918296e-03
-4.937760e-03
6.402757e-03
3.670169e-03
-2.560458e-02
-5.214221e-03
7.154079e-03
1.475875e-02
1.736528e-02
1.862550e-02
-2.000182e-02
-5.966602e-04
7.282404e-02
1.872806e-02
2.233867e-02
-1.891523e-02
4.527098e-04
9.332683e-04
1.519143e-02
7.790171e-02
1.458186e-02
1.637013e-02
-1.451702e-02
-3.243215e-03
7.868912e-02
-1.835037e-03
-5.694495e-02
5.951793e-04
3.447348e-02
-4.581453e-02
-2.132587e-02
-3.127367e-03
-3.707122e-02
-1.388179e-02
-7.202514e-06
-3.515277e-02
-7.178174e-02
-6.492313e-03
-1.725723e-03
-2.124311e-02
-1.999203e-03
-5.570341e-02
-4.687890e-03
1.063305e-02
-2.112345e-02
-1.775749e-02
-1.202038e-02
2.571876e-03
-1.703181e-04
2.154184e-02
-7.595261e-02
2.727959e-02
1.808728e-02
-1.682735e-02
-3.543367e-02
-1.708047e-02
-5.498029e-03
-1.682894e-03
-2.195585e-02
-4.229844e-03
1.520515e-03
2.320494e-02
1.648025e-02
-6.715841e-03
1.723431e-02
-1.816807e-02
-2.247668e-02
-1.703804e-02
5.820220e-02
-2.112523e-02
1.718817e-02
4.315281e-04
3.163165e-02
-6.587046e-02
-4.781757e-03
-3.904160e-02
1.951437e-02
2.232615e-02
5.278301e-02
-3.496016e-02
-6.086671e-02
1.654918e-02
-5.221927e-02
-1.144623e-03
-1.606335e-02
4.617841e-04
-1.435869e-03
1.753668e-02
-3.858127e-03
7.900992e-02
1.651053e-02
1.713124e-02
1.713934e-02
5.538730e-03
2.908302e-02
1.713855e-03
3.400158e-03
-2.222931e-03
3.112206e-03
-3.339804e-02
2.419448e-03
-8.459412e-04
2.029726e-02
-1.740184e-02
1.864164e-02
-2.843882e-03
2.782241e-02
-4.079454e-04
1.693314e-02
2.105379e-02
-3.052192e-03
-1.578455e-02
3.434258e-03
3.777213e-02
-9.978089e-04
5.201408e-03
-1.979478e-02
3.347808e-03
1.446233e-03
-1.285172e-02
1.634620e-02
-8.120667e-04
4.770124e-03
-1.812733e-02
7.078856e-02
2.144350e-02
-3.877104e-03
-1.441819e-02
3.659237e-02
-8.934445e-04
-3.321510e-02
7.692106e-02
-2.243511e-02
1.883491e-02
-1.543349e-02
-5.491802e-02
-1.155267e-02
-1.926043e-02
2.103755e-02
-3.432708e-02
-8.664232e-03
-1.166999e-02
1.772015e-02
-3.550105e-03
-5.589153e-02
-2.213908e-02
1.973763e-02
-1.956103e-02
-1.116633e-03
1.662078e-02
4.944524e-02
7.275078e-02
-1.835610e-02
3.884873e-02
-2.082085e-02
4.090522e-02
-2.320653e-02
4.775968e-02
-3.322847e-02
-1.929253e-03
-4.341836e-03
-2.516828e-03
6.953525e-03
-4.387449e-03
1.976262e-02
-5.223446e-03
-5.863360e-03
1.571909e-02
-2.037608e-03
1.346114e-03
1.847597e-02
4.716855e-02
-4.637632e-03
2.598006e-05
-1.309091e-03
1.931107e-02
6.698881e-04
7.897240e-02
2.419194e-03
-5.702143e-03
1.825409e-03
-2.055009e-02
-1.516650e-02
-4.093193e-03
2.256050e-02
6.201367e-03
-1.702343e-02
4.308833e-02
-2.238431e-02
2.408175e-02
-4.213440e-03
-3.392265e-02
1.247431e-02
-3.263504e-02
2.647591e-02
-2.563975e-03
1.959660e-02
-9.808601e-03
-1.184291e-03
-1.737202e-02
3.889516e-02
-1.869097e-02
2.119137e-02
-6.327109e-02
-7.563516e-05
5.293037e-03
-1.667774e-02
-3.512770e-02
2.276006e-02
-6.204667e-03
-3.177533e-02
-1.332343e-02
2.493634e-02
2.828161e-02
-1.514857e-02
-6.569679e-02
-4.347507e-03
-2.200001e-02
1.907230e-02
-5.119094e-02
-6.435852e-04
7.688277e-03
-4.077363e-02
2.205196e-02
7.842776e-02
4.782755e-03
5.471114e-03
6.223213e-02
-1.344208e-02
-1.263388e-02
4.822183e-02
-1.578741e-02
-1.539820e-02
-4.353577e-02
2.006767e-02
8.060496e-04
6.255576e-03
1.740226e-02
-6.187240e-03
-1.670778e-02
6.722083e-04
-1.308086e-02
-8.002283e-04
5.084713e-03
-1.407807e-02
-1.589109e-02
7.637181e-02
-1.519016e-02
2.060334e-03
1.165742e-02
-2.851521e-03
2.911676e-05
4.474092e-02
-1.762462e-02
1.743760e-02
-3.646884e-04
1.521537e-03
7.522775e-02
-1.557901e-02
1.580073e-02
-9.199921e-04
3.413312e-02
9.785655e-04
-3.129191e-02
3.727763e-02
7.899644e-03
-6.171594e-04
-7.102991e-02
-2.037708e-02
5.533652e-02
1.204447e-02
-1.126120e-02
-7.198438e-02
4.589226e-02
-3.407011e-02
-1.869046e-02
7.073055e-04
1.567382e-02
3.713615e-03
-2.073450e-02
1.426962e-02
4.098792e-03
7.258947e-03
5.747401e-03
2.028402e-02
-2.570328e-02
-1.810967e-02
-1.846210e-02
6.470526e-03
-1.319447e-02
2.264168e-02
-3.517526e-02
-1.372766e-03
-2.088170e-03
2.129319e-02
4.366914e-03
1.523172e-02
-2.705226e-03
1.873761e-03
-1.699311e-02
-2.798138e-04
-7.948797e-04
6.774194e-02
3.872710e-02
1.515771e-03
-4.684746e-03
-4.013266e-02
-7.490828e-02
-2.076694e-03
-8.872732e-03
1.306774e-03
2.825593e-03
-2.571425e-03
2.044267e-02
-2.937946e-03
1.751519e-02
1.340635e-02
1.871730e-03
-2.837892e-02
-4.190231e-02
-1.779521e-02
3.313428e-02
3.279335e-02
2.101747e-02
-2.829256e-03
6.807871e-03
-8.440396e-03
-1.845507e-02
7.859810e-02
-2.741661e-02
7.885132e-02
7.158143e-02
4.515068e-02
1.508267e-03
-3.827736e-02
1.745356e-02
7.859301e-02
-5.048386e-02
-5.783962e-02
6.211802e-03
-1.498691e-02
1.731583e-02
3.596155e-02
-6.607132e-04
-5.539340e-03
-3.058234e-03
2.002496e-02
4.196119e-03
-2.279157e-02
7.460218e-04
-7.582297e-03
-2.737208e-02
-1.213422e-02
6.952273e-03
-4.579153e-02
1.864845e-02
2.207323e-02
2.156001e-02
-3.551870e-02
-1.515046e-05
-4.911273e-04
-4.953295e-02
6.857132e-02
7.370480e-03
-1.664860e-02
4.250406e-03
1.218023e-02
1.994358e-03
1.712491e-02
1.373450e-02
-1.665149e-02
-1.951173e-02
1.593189e-03
6.163838e-02
-1.670017e-02
-6.549332e-05
-7.013310e-05
-4.093131e-03
1.825069e-02
-3.382370e-02
-2.500671e-02
7.968005e-02
3.940926e-02
2.575170e-02
2.284338e-03
-3.684305e-04
-1.470274e-02
6.009914e-02
1.793059e-02
2.001279e-02
3.552938e-02
3.703814e-03
1.252097e-04
-1.884706e-02
4.964840e-02
-1.865945e-03
-4.030988e-02
6.309554e-02
-1.685432e-02
1.626673e-02
-6.344383e-02
-2.651899e-02
-2.051627e-02
4.213718e-02
-2.437933e-02
-1.776431e-02
-1.898791e-02
1.755392e-02
3.430785e-03
1.964453e-02
-1.829165e-02
1.819608e-02
-6.344314e-02
1.898993e-03
-1.603245e-02
-2.569532e-02
-3.551022e-03
2.253011e-03
1.701034e-02
5.233663e-03
-7.265167e-04
-3.557995e-02
3.753365e-03
7.325231e-03
-5.943913e-03
-4.664756e-02
2.244869e-02
-2.773894e-03
4.216490e-02
-2.956961e-02
-3.465147e-02
1.783117e-02
-2.702363e-02
1.968206e-02
4.793419e-03
-2.016982e-02
6.453868e-04
1.666519e-02
-2.705696e-03
2.383911e-02
-1.813946e-04
-4.317974e-02
-1.923559e-02
9.646526e-04
-2.120793e-02
-2.295360e-02
3.603820e-02
-1.900695e-02
-7.948190e-02
1.718730e-02
3.102504e-03
-2.821892e-03
-5.975397e-02
-4.590968e-02
-3.651128e-02
3.250789e-03
1.472398e-04
-1.425439e-02
1.045234e-02
4.476318e-02
-4.537400e-03
-1.886978e-02
1.595556e-02
2.336434e-03
-3.046857e-03
-2.598327e-02
-1.525040e-02
2.006737e-03
1.658608e-02
1.333760e-03
-2.239647e-02
3.212162e-03
4.488948e-02
-1.354643e-02
1.707015e-02
-2.655618e-02
-2.041077e-02
-1.754990e-02
-5.257847e-02
1.817770e-02
-1.963721e-02
1.349216e-03
-3.517384e-03
-1.571879e-02
4.164320e-03
4.033708e-02
-2.463137e-02
-3.771175e-02
-2.153989e-02
4.090245e-04
-1.838000e-02
-2.007488e-02
-3.204820e-02
-7.830825e-02
-5.616034e-04
-1.513272e-02
7.578293e-02
1.413795e-02
1.582083e-02
1.861547e-02
-7.373870e-02
-1.862871e-02
2.083094e-03
-7.662935e-02
3.766580e-02
-1.646273e-02
-3.485040e-02
2.071935e-02
-1.468469e-03
1.920878e-02
-2.276400e-02
1.350731e-02
-1.776634e-02
1.946277e-02
1.405054e-03
8.617181e-04
-6.779718e-02
3.124381e-02
2.282141e-02
-1.627345e-02
7.222408e-02
-1.483635e-02
2.044483e-03
1.024065e-03
-1.606257e-02
4.798830e-02
5.705065e-03
1.807286e-03
3.561950e-03
-3.477383e-03
-1.269864e-02
-4.232005e-03
-4.301133e-03
-1.466315e-02
1.717835e-02
3.847847e-04
2.124572e-02
1.946591e-02
3.826960e-02
-6.012560e-02
-4.793987e-04
-6.157064e-04
2.134654e-02
4.571872e-02
-2.015930e-03
-7.802199e-03
1.980169e-02
1.866537e-02
-2.295334e-02
-4.087032e-04
2.208356e-02
2.251329e-02
-1.561948e-02
1.817507e-02
-1.637942e-02
1.291833e-02
1.423302e-02
-5.232025e-03
4.402444e-02
-2.188795e-02
-9.228611e-03
2.272511e-02
-6.154981e-02
-1.570259e-02
-7.104373e-02
1.512257e-02
5.734796e-03
2.443767e-02
-1.916592e-02
4.151690e-02
2.036447e-02
-1.809299e-02
3.695332e-02
-4.308447e-02
1.861080e-02
-4.145737e-04
1.743492e-02
2.445649e-02
7.615993e-02
6.257046e-02
-2.602153e-02
3.343766e-03
-1.958802e-02
-7.384782e-02
-5.196773e-04
6.996541e-02
-7.441475e-04
-4.586495e-03
-1.009271e-03
3.802249e-03
-4.641825e-03
-2.341065e-02
1.307440e-02
1.600423e-03
1.809049e-02
-6.363641e-05
-1.379934e-03
2.271784e-02
-2.312796e-02
-1.655260e-04
-8.741071e-04
-5.725361e-03
2.245968e-02
-1.668732e-02
-1.619843e-03
4.617750e-03
-1.535068e-02
5.138550e-02
-3.411494e-03
-6.328684e-02
3.589228e-02
3.402470e-02
1.678658e-02
2.249239e-02
4.278043e-02
7.994088e-02
6.356104e-02
1.573856e-02
2.267793e-02
-2.260346e-03
-3.572775e-02
-2.038731e-02
7.056618e-03
-5.772409e-04
1.461520e-02
-2.051873e-02
1.777508e-02
3.554765e-03
2.546269e-02
2.701584e-02
1.538090e-02
-9.891879e-04
5.254897e-02
-4.172973e-02
2.256065e-02
-8.177472e-03
-1.888392e-02
4.463530e-02
-2.143696e-02
2.186414e-02
-6.841746e-04
6.570111e-02
5.970783e-02
-4.156272e-03
-1.546028e-02
-2.054389e-02
1.243423e-04
-1.431077e-02
1.679946e-02
-4.357529e-02
7.047029e-04
-1.355749e-03
-5.466774e-02
6.204270e-02
3.951131e-03
2.890584e-03
-7.723443e-02
3.015912e-03
-2.067821e-02
-1.366318e-02
-3.892802e-02
-4.934657e-04
-3.633924e-02
-1.576690e-02
2.297259e-02
5.580827e-02
-2.545104e-02
-3.530453e-02
-4.691094e-03
4.053582e-02
-1.903913e-02
4.629715e-02
-1.908011e-02
2.179607e-02
1.747377e-02
-2.461724e-03
1.949050e-02
2.246918e-02
-1.371339e-03
4.436913e-03
-7.214282e-02
-2.065591e-02
5.131949e-05
-4.084754e-02
-6.087155e-02
-1.956928e-02
-6.059919e-02
-1.815173e-02
-5.506835e-03
-1.955579e-02
-2.288841e-02
1.059040e-02
4.886824e-02
2.685695e-03
2.116425e-02
4.542675e-04
1.876490e-02
1.562839e-02
3.129205e-03
1.253714e-03
2.290499e-02
-1.816270e-02
1.113577e-03
-2.023152e-02
3.901466e-02
-2.287797e-02
1.908521e-02
1.945123e-02
1.882694e-02
-1.900635e-03
-6.477857e-02
-6.882961e-04
-5.761202e-03
1.846269e-02
2.040430e-02
-1.325749e-03
-7.233703e-03
-1.789737e-03
1.541419e-02
6.842160e-02
-2.050847e-02
-5.361285e-03
-7.914751e-04
1.218602e-02
7.793087e-02
-2.252380e-02
-4.597786e-02
4.699142e-03
-7.057220e-02
1.958795e-02
-1.447108e-02
-1.689137e-02
-4.675953e-04
-1.462170e-03
3.133667e-02
6.168203e-02
6.883914e-04
1.906404e-02
3.874850e-03
1.245331e-02
3.669064e-02
-1.853767e-02
-2.652254e-02
-3.861939e-03
4.195434e-02
-3.622183e-03
-2.692262e-02
1.842747e-02
1.353449e-02
1.925926e-02
-5.273871e-03
-8.484477e-04
6.575832e-02
1.647576e-02
-5.657818e-03
-2.001866e-02
-5.422666e-03
-6.558765e-02
4.902093e-02
1.470581e-02
-6.112600e-03
-2.486491e-02
2.749625e-03
-1.534344e-03
1.591597e-02
-1.657101e-02
-1.708585e-02
-1.656857e-03
-3.432937e-02
8.268770e-04
7.799317e-04
3.290070e-02
-1.785432e-02
4.387554e-03
-2.313865e-02
-1.618097e-02
-1.401597e-03
2.399209e-02
-2.921819e-03
-2.113621e-02
-6.389597e-02
7.223895e-03
3.188309e-04
-6.436581e-02
-3.090980e-03
-1.825814e-03
1.987904e-02
1.774742e-02
-1.307501e-03
2.098814e-02
-1.050748e-03
-1.922821e-02
2.893176e-02
-1.845485e-02
-5.900952e-02
1.962568e-02
7.567221e-04
-1.546573e-02
-2.101256e-02
1.474933e-02
2.439029e-02
1.743863e-02
-1.997249e-03
1.386758e-02
-6.709413e-04
3.781920e-02
7.234050e-02
-1.704068e-02
2.228160e-02
-3.292449e-02
-1.907215e-02
1.700055e-02
-1.912852e-02
1.844449e-02
-9.677966e-03
-8.009851e-03
-8.013698e-04
2.472878e-04
1.586378e-02
6.496058e-03
1.263980e-02
-1.498174e-02
1.931777e-03
-6.863318e-02
7.692389e-02
6.682718e-02
-1.642471e-02
-1.192028e-03
-4.118164e-02
2.074845e-02
-4.334873e-02
-1.849125e-02
-4.117821e-02
1.570810e-03
-7.738830e-02
3.223352e-02
1.411942e-03
4.609274e-03
2.902985e-03
-9.801164e-04
6.289707e-02
6.424527e-03
5.572859e-03
-2.172941e-02
-1.723507e-02
-3.596390e-03
-3.651910e-02
3.289226e-02
-1.657713e-02
1.607163e-02
4.792218e-02
-2.295637e-02
-2.240165e-02
2.721507e-04
-4.651378e-02
-5.742174e-02
-1.654185e-02
-1.953645e-02
-1.950214e-02
-2.280402e-02
2.228141e-02
1.943428e-02
-2.212617e-02
2.161853e-02
-1.746643e-02
3.325355e-02
2.522712e-03
-3.907114e-03
-6.218904e-03
-1.556170e-02
2.307816e-02
1.406018e-02
2.339719e-02
-6.135648e-02
-3.738656e-02
1.848261e-02
5.995342e-02
-1.404112e-02
1.299250e-02
3.366319e-02
7.536901e-04
-3.631312e-03
2.111342e-02
-3.909172e-02
7.125780e-03
-5.931528e-02
1.790132e-02
3.986580e-03
5.929401e-03
5.243951e-02
-3.118178e-03
2.642313e-03
-1.089800e-03
2.734649e-03
-3.357207e-02
1.501150e-02
-2.176223e-02
-7.673601e-02
-7.163617e-02
4.915628e-03
-3.431907e-03
3.435504e-03
3.384459e-02
-1.575195e-02
-1.714536e-02
1.771032e-02
-1.718265e-02
-1.883560e-03
5.810531e-02
4.345454e-02
-1.793879e-02
-5.429253e-03
1.821970e-02
-1.377884e-02
1.137926e-03
-1.572541e-02
1.513782e-02
6.059218e-04
-2.263673e-02
-4.133537e-02
1.101139e-02
-1.578531e-02
2.324128e-02
5.616833e-02
4.585081e-02
-2.646799e-03
-1.194044e-03
2.257384e-04
-6.773376e-02
-7.518979e-02
-8.379224e-04
9.355983e-04
-2.412126e-02
6.296696e-02
2.320423e-02
1.996748e-02
-1.451833e-02
-3.898260e-02
3.725822e-02
-5.776680e-03
-5.160735e-03
2.094136e-02
1.939280e-02
-2.943783e-02
-7.364324e-02
1.691131e-02
-1.495449e-02
2.981524e-03
7.123120e-02
1.553573e-03
-8.991519e-04
-7.779280e-04
-1.808842e-02
1.908812e-02
3.216973e-04
1.951502e-02
1.687404e-02
-4.080355e-02
-2.085262e-02
-4.399124e-02
-1.998239e-02
-4.447795e-03
7.290215e-02
-3.142229e-04
-2.705377e-02
-4.147865e-02
-3.453103e-03
2.104029e-02
-7.478770e-02
2.216835e-02
-1.524507e-02
-2.396863e-02
6.263445e-02
-1.990492e-03
-3.687018e-03
-7.858304e-04
-2.766225e-03
-3.246645e-03
-4.602924e-03
2.175958e-02
1.593638e-03
-1.777898e-02
4.000381e-03
5.458415e-03
-5.384659e-04
5.023860e-03
3.893579e-02
-1.426053e-02
-1.144494e-03
-2.069627e-02
3.943279e-03
1.386530e-02
6.034890e-02
4.542157e-03
1.703426e-02
6.682220e-02
1.472121e-02
-3.335728e-02
-6.128823e-04
-1.858580e-03
1.118279e-02
1.398020e-02
1.892879e-02
-3.131644e-02
-2.401987e-02
-2.390655e-02
6.827276e-04
-5.093772e-03
5.454028e-02
9.495183e-04
6.062245e-02
-2.990623e-03
3.850842e-02
-1.193910e-03
1.693246e-03
2.734183e-03
3.523673e-03
5.475342e-02
7.012363e-02
1.644890e-03
-5.408569e-02
5.611588e-02
2.108636e-02
7.744365e-02
-2.385327e-03
2.233177e-02
-1.590054e-02
-1.672730e-02
-2.026371e-02
1.327297e-02
1.577070e-02
4.077045e-03
-5.413706e-02
4.973404e-04
-4.470371e-02
-1.676155e-04
4.696434e-02
-2.963454e-04
-3.780814e-03
-3.276290e-02
-2.082751e-03
2.698406e-03
2.387466e-02
7.352990e-03
2.759554e-03
-3.148386e-03
6.128080e-02
1.407607e-02
3.707919e-02
-1.972398e-02
-3.655434e-02
-2.114785e-02
-1.272973e-02
-1.872209e-02
-1.505357e-02
1.027580e-03
4.307343e-03
1.763257e-02
-2.166964e-02
1.605745e-02
-6.463459e-02
-1.956484e-03
-2.022060e-02
-1.078663e-03
-5.839460e-02
2.275854e-02
5.868375e-04
7.485173e-02
-2.667808e-03
1.484980e-03
2.141681e-02
3.297680e-03
1.818433e-02
5.888972e-02
1.492932e-02
-2.340394e-02
-7.523269e-02
-5.210066e-03
-3.341253e-03
4.958993e-03
3.551870e-02
1.702809e-03
-4.693460e-03
-1.736599e-03
-3.370680e-04
1.889548e-02
-3.296029e-02
4.227233e-03
-1.338417e-03
-1.901971e-02
-2.122697e-02
8.946402e-04
1.329526e-03
6.067444e-03
-2.288120e-02
-4.455106e-02
4.711514e-03
3.339498e-02
-1.507441e-02
2.702185e-03
3.362876e-03
3.534716e-02
-6.546052e-02
-2.552440e-02
2.011656e-02
-1.251399e-03
2.139856e-02
1.634806e-02
1.888791e-02
2.325919e-02
-1.639031e-02
5.425140e-06
3.468019e-02
7.157160e-02
-7.691508e-02
-3.296327e-03
-2.133470e-02
9.175152e-03
-3.355562e-02
4.937478e-02
1.404203e-02
-3.389337e-03
7.501465e-03
-1.906115e-02
-2.784317e-03
-7.353336e-03
3.271509e-03
-1.704340e-02
-3.205131e-02
1.497767e-02
2.329293e-03
-1.713237e-02
5.452102e-02
1.543156e-03
1.192958e-03
2.005852e-02
-2.073301e-02
7.110308e-04
5.856886e-02
-3.162211e-03
-1.809655e-02
1.856016e-02
-2.135094e-03
2.088557e-02
2.173794e-02
-1.938286e-02
1.533920e-03
-2.575559e-03
3.369444e-02
-5.297712e-03
3.451492e-02
3.397375e-02
2.035513e-02
1.317464e-03
-2.208001e-02
5.765030e-03
-1.544412e-03
1.287393e-02
-2.485781e-02
2.054039e-02
6.774938e-03
6.267224e-02
-4.043209e-03
1.706350e-02
3.886559e-03
2.947044e-02
2.096613e-02
1.427221e-03
-2.160929e-02
-3.104002e-02
6.868059e-02
3.511819e-02
-2.211510e-04
3.916833e-02
-6.021345e-03
-5.674928e-03
5.513495e-02
-1.042177e-04
2.470104e-02
-7.673095e-02
2.248937e-02
-5.876268e-02
-3.030207e-02
1.701703e-02
3.113262e-02
2.060241e-02
1.695556e-02
-7.564969e-03
-1.516120e-02
1.934869e-03
-2.608186e-03
3.178155e-03
-6.222120e-02
-4.825074e-03
6.844653e-02
-5.032700e-02
1.736380e-02
1.805170e-02
7.929823e-02
1.667707e-02
9.162759e-04
-1.187863e-03
-1.403191e-02
6.096343e-03
-1.571467e-02
-1.549983e-03
-1.899529e-02
5.794786e-03
-3.367953e-03
3.992547e-03
6.268937e-02
2.169360e-02
6.927435e-03
-6.082472e-02
-1.672643e-02
-1.946768e-02
-1.745449e-02
7.821885e-02
3.828722e-02
-3.419334e-02
-2.199175e-02
2.995031e-02
3.495749e-02
-2.817951e-02
-1.337628e-02
-1.987221e-02
-2.462400e-03
1.434877e-02
-2.191599e-02
7.647940e-02
-2.144986e-02
-2.123329e-02
1.862469e-03
1.875289e-02
-1.697168e-04
1.844265e-02
-6.931638e-02
-1.088245e-03
-2.465680e-03
-7.020538e-02
-1.465708e-03
2.244274e-03
-2.886624e-03
1.684534e-02
-1.740543e-02
-4.013418e-03
1.932066e-02
-2.386510e-02
-5.421259e-05
-2.216134e-02
-1.734845e-02
2.024629e-02
-6.118774e-03
-2.120006e-02
-5.333423e-02
2.364849e-02
5.290735e-02
1.984123e-02
-1.752559e-02
-8.670642e-04
-5.298844e-03
-4.669154e-02
2.482406e-02
1.694049e-03
-3.143648e-02
7.897945e-02
1.831606e-05
9.523106e-04
-4.470855e-02
2.174664e-02
9.220394e-04
7.832544e-02
1.732909e-02
4.618186e-03
1.714404e-02
2.241567e-02
-1.927768e-02
2.071695e-02
1.921467e-02
1.610430e-02
1.741040e-03
-1.810994e-02
-1.738479e-03
-2.282262e-02
1.046346e-02
6.030624e-02
-1.523364e-03
-3.620847e-02
4.443750e-03
1.791754e-02
-1.589411e-02
3.256505e-03
-1.741670e-02
-3.788247e-03
2.102436e-02
-1.434171e-02
-3.722423e-03
-7.615716e-02
-1.865444e-02
1.702563e-02
-3.678853e-03
-1.195092e-03
6.425499e-02
-1.543462e-02
5.131042e-02
-2.194814e-03
4.281692e-03
-1.904986e-02
-5.500525e-03
-1.490465e-02
1.156156e-03
1.746625e-03
2.488439e-02
-4.733909e-03
7.352742e-02
2.266231e-02
-4.480634e-03
-4.495320e-04
-1.902343e-02
-2.564750e-03
3.895093e-02
-1.880328e-02
-7.673732e-02
-6.415505e-02
-5.455332e-02
3.156073e-02
6.480628e-03
4.363113e-04
1.637619e-02
1.656423e-02
1.755701e-02
-2.400363e-02
3.431680e-02
1.310952e-03
1.294938e-02
1.846840e-02
2.697115e-03
-2.052608e-03
4.172915e-03
2.932141e-02
6.427754e-02
-2.754932e-03
-3.886399e-02
6.273515e-02
5.140098e-02
9.985175e-04
3.506269e-03
-1.591462e-02
-2.320628e-02
5.155696e-03
-7.054594e-04
1.987058e-02
-6.387406e-04
1.421109e-02
1.288109e-03
2.106057e-02
-5.110954e-03
1.848881e-02
1.616354e-02
-1.814486e-03
-1.593558e-02
5.036920e-03
-1.401894e-02
1.555572e-02
-1.521883e-02
-8.082595e-04
1.671888e-02
-4.022089e-03
4.351934e-03
2.243113e-02
-6.120206e-02
5.925416e-03
-4.700282e-03
1.693279e-02
-1.667311e-03
7.708719e-02
-2.256350e-02
-2.380991e-02
1.896739e-02
1.541488e-02
2.270244e-03
-7.213041e-02
8.376252e-04
2.158292e-02
7.974194e-02
-1.708134e-02
6.643631e-05
2.780921e-03
2.726996e-03
-2.353877e-02
-1.577351e-02
4.312595e-03
6.792299e-02
-6.381293e-03
-1.622269e-03
2.109855e-02
5.903183e-03
4.690240e-03
6.492633e-03
-3.605023e-02
-2.282729e-02
-2.621003e-04
7.931197e-03
-2.078930e-03
-1.649597e-03
1.950728e-03
2.621501e-03
-7.152854e-03
-2.352597e-02
-3.689358e-03
4.395310e-03
3.917545e-03
-1.853489e-02
3.788497e-03
5.742217e-02
5.483626e-03
-2.480684e-04
-3.563109e-02
2.478605e-03
1.939852e-02
-2.085612e-02
3.465832e-02
7.190060e-02
1.702701e-02
4.530278e-03
1.080965e-02
-1.321128e-03
-1.905904e-03
-2.081096e-02
4.110846e-04
-1.683901e-02
-2.944030e-03
5.397834e-03
6.779936e-02
-3.723155e-03
5.154027e-02
-4.139786e-03
-1.681940e-02
-2.760697e-03
3.665390e-03
7.883751e-02
-5.209280e-03
3.676989e-02
-6.070590e-03
-2.077848e-02
4.954173e-03
-4.151889e-03
1.623407e-02
-1.005708e-03
1.815140e-02
-1.840932e-04
-1.009182e-02
-3.804303e-03
4.403949e-03
1.884259e-02
-7.785779e-02
-1.543019e-02
3.970302e-02
7.346003e-02
-2.296828e-02
-1.507937e-03
3.758557e-03
-4.250096e-03
-6.202169e-02
-1.669141e-02
1.188934e-03
2.987722e-03
3.818618e-02
-3.614814e-02
5.484770e-02
2.220332e-02
-4.357882e-03
2.954580e-02
-2.006855e-02
5.566056e-04
-1.590531e-02
-2.156210e-02
2.575333e-03
2.067420e-03
-1.940682e-03
-1.902254e-02
-1.203688e-03
-2.305004e-03
-7.931455e-02
1.063422e-02
-4.795231e-02
5.353440e-02
-2.236227e-02
1.471742e-02
7.468600e-02
6.741996e-02
7.570517e-02
-3.568783e-03
-2.307268e-02
-1.707176e-02
1.976087e-02
-3.979893e-02
6.401688e-02
1.346724e-02
2.086023e-03
2.519573e-03
1.631571e-02
-1.070749e-03
1.632925e-02
1.901159e-02
-4.654859e-03
-1.787361e-02
-1.686781e-02
2.612234e-03
-2.624362e-02
-6.141197e-02
-1.193689e-03
-5.638465e-03
-1.351787e-02
-2.541817e-02
2.629288e-02
3.485402e-03
-1.786592e-02
2.237612e-02
1.109945e-04
1.612423e-03
-1.966736e-02
-2.235909e-02
6.701753e-03
-8.520977e-03
-1.568856e-02
-1.865318e-02
-1.777491e-02
9.874356e-03
2.902145e-02
-3.489663e-02
1.003376e-03
-6.236231e-03
-7.521747e-02
3.871279e-02
1.548550e-03
-1.561058e-02
1.849814e-02
5.700970e-03
-1.497284e-02
-3.715813e-02
-1.519703e-02
-1.655092e-03
-6.902002e-02
-3.665939e-02
1.550255e-02
2.060025e-03
3.278328e-03
1.092563e-03
-1.195648e-02
1.439687e-03
1.917244e-02
5.525931e-02
-2.458439e-02
1.668811e-02
6.067792e-04
-1.084708e-02
-3.769906e-03
-1.164590e-03
-5.800173e-03
1.507941e-02
-1.387258e-02
2.949890e-02
3.396046e-03
-4.466696e-02
3.239856e-03
-2.384600e-02
1.651148e-02
2.323777e-02
2.438360e-02
1.559362e-02
-3.346069e-02
3.466247e-03
1.728323e-02
-2.143141e-02
-4.596294e-03
-2.686653e-02
-1.817313e-02
4.903842e-04
-2.376851e-02
-1.856513e-02
-2.558416e-02
1.742471e-02
-2.409349e-02
2.389077e-03
6.135866e-04
1.879844e-02
-7.247887e-02
-4.027422e-02
-3.040012e-03
-7.367328e-02
-1.494437e-02
6.282598e-02
-4.006170e-02
2.022861e-02
1.786176e-02
-5.456723e-02
-7.470647e-02
-2.995018e-02
3.368476e-02
-5.252982e-03
-1.618206e-02
-1.969520e-03
1.108635e-02
1.473957e-03
-2.268342e-02
1.762380e-02
-1.875665e-02
-1.375508e-02
5.160568e-02
-1.552603e-02
-3.701315e-03
1.816144e-02
1.255926e-02
-7.169891e-02
3.406131e-02
1.744143e-03
-1.573112e-02
2.469513e-03
1.689478e-02
-7.381304e-03
5.340816e-03
-5.154608e-02
-4.840282e-02
2.665506e-04
1.728020e-02
-4.279697e-03
2.239779e-02
-4.770271e-03
-5.227375e-03
5.372972e-02
4.878002e-02
-1.100362e-02
2.261970e-02
-2.425894e-02
-7.205002e-03
-2.001020e-02
-6.438205e-03
-1.397685e-02
-6.856485e-02
-3.747925e-02
4.417032e-03
1.945035e-02
7.983475e-02
3.800596e-02
-1.702119e-02
2.992024e-02
-5.424222e-02
5.606179e-03
2.019090e-02
-1.719234e-02
1.748968e-02
1.546552e-02
-3.139971e-03
-4.832209e-03
-1.920680e-02
-2.038917e-02
-1.704738e-02
1.305309e-02
1.839396e-02
2.479720e-02
2.205312e-02
1.542653e-02
1.874003e-02
2.031287e-02
1.346386e-02
1.512784e-02
-1.920546e-03
-3.191907e-02
1.555517e-02
-1.834840e-02
4.992909e-02
-2.054514e-02
1.396060e-02
4.107041e-03
-3.384948e-02
2.080224e-02
-1.565760e-02
1.049380e-02
2.023388e-02
4.432552e-02
-2.056405e-02
1.330174e-02
-6.851813e-03
-6.779922e-02
1.351938e-02
9.087310e-03
1.438978e-02
-1.282795e-02
6.778997e-03
-2.874330e-03
-1.364054e-02
2.433314e-03
8.210108e-03
-1.741543e-02
-4.418560e-02
2.184440e-02
-3.982424e-03
-5.248186e-02
2.073920e-02
-3.729459e-03
-1.419318e-02
2.359625e-02
-1.734779e-03
1.753896e-03
5.241707e-02
-7.610602e-04
7.632103e-02
1.940515e-02
1.862106e-02
-1.551398e-03
4.272523e-03
1.621335e-03
-1.223760e-02
1.972427e-02
3.413497e-02
-5.491107e-02
-2.797088e-02
2.985131e-03
5.949912e-02
1.563973e-03
1.534678e-03
-1.435835e-02
6.536646e-02
-7.815242e-02
1.903801e-02
-2.521208e-03
6.673570e-02
7.921687e-02
7.575014e-02
1.980725e-02
-1.503296e-02
4.791745e-04
6.206372e-02
-3.296716e-03
3.182153e-02
-3.117980e-03
2.316921e-02
1.176430e-04
2.311711e-02
1.548773e-03
4.111564e-02
-6.151406e-02
2.235910e-03
2.015837e-02
1.487362e-02
-2.013522e-02
3.892475e-02
-1.909770e-02
3.648066e-02
-1.293738e-02
-9.172190e-03
2.535986e-02
4.984196e-02
2.485942e-03
4.181382e-03
-2.105017e-02
-1.665484e-02
-1.038238e-03
1.771406e-02
1.914589e-02
-4.778631e-02
-2.131818e-02
1.627852e-02
7.974763e-02
-4.227323e-02
4.643194e-04
1.671738e-04
9.705501e-03
1.457721e-02
3.838397e-02
-1.736407e-04
-2.061450e-03
1.783056e-02
-1.368239e-03
-1.553650e-02
1.931004e-02
-5.041215e-03
3.984849e-02
1.443177e-03
8.199633e-03
-6.893598e-02
-3.777618e-03
1.539125e-02
4.621784e-04
-2.683510e-02
-2.139469e-02
-3.351230e-02
1.879819e-02
3.591875e-02
-2.616923e-03
-2.388898e-02
5.803288e-03
4.911258e-03
-5.216501e-03
8.881035e-03
4.019529e-03
2.566976e-03
6.905914e-02
4.605080e-02
2.159624e-02
1.739548e-03
-1.457524e-02
-1.571899e-02
4.418430e-03
3.549746e-02
-2.220655e-02
-2.204144e-02
-1.888744e-02
-4.448420e-02
3.072559e-02
-5.534038e-02
1.678236e-02
2.380863e-02
-4.431734e-04
1.126136e-02
-2.144645e-03
-3.669682e-02
1.708979e-02
-3.079559e-02
-3.803025e-04
-1.991548e-02
-5.971154e-02
-1.044353e-02
-4.050488e-03
1.792988e-02
-1.716280e-02
1.146893e-02
-1.632296e-02
2.942184e-02
2.334574e-02
1.541996e-02
-4.920557e-03
-2.478961e-02
4.352563e-02
1.996641e-02
-3.104914e-03
-1.628772e-03
-2.945696e-03
1.803064e-02
-3.403341e-03
3.280607e-03
-1.521744e-02
-3.342405e-03
1.555357e-02
3.818198e-04
6.104191e-03
3.971834e-03
-4.087934e-04
2.639095e-02
-2.227644e-02
4.888213e-02
5.599952e-02
5.095286e-02
1.483252e-02
2.979354e-02
-3.139868e-02
-1.355560e-03
-1.312687e-02
1.673188e-03
1.696898e-02
1.463335e-02
-2.000129e-02
8.611005e-04
-1.976034e-02
1.041494e-03
2.461913e-02
2.296294e-02
-1.799062e-02
1.572702e-02
-7.230099e-02
-3.917006e-03
-6.569430e-03
-1.940324e-02
2.749232e-03
1.332144e-03
-7.343125e-02
-5.427026e-03
3.032313e-03
5.027251e-03
4.226593e-03
-1.451878e-02
4.323822e-03
-2.046911e-03
-4.842341e-02
-1.785209e-02
7.524222e-03
2.103858e-02
-4.314340e-03
-4.246598e-03
-7.358530e-03
7.750638e-04
-6.074780e-02
1.798903e-03
-6.021443e-02
-1.655219e-02
1.794067e-02
3.544744e-02
-1.807418e-02
-3.296643e-05
1.836893e-02
-5.761418e-03
1.211849e-02
2.028032e-02
-1.515844e-02
7.934384e-02
-1.980085e-02
-1.573679e-02
-5.975440e-02
3.194131e-03
-2.434760e-02
-2.669218e-02
-1.956328e-02
-1.759894e-03
2.140106e-03
-1.570793e-02
4.739813e-02
-4.909443e-02
3.463099e-02
-8.113742e-03
2.467877e-03
-3.320096e-02
1.775077e-02
2.113286e-03
-1.258817e-02
-1.382671e-02
2.877855e-02
-2.726592e-03
-2.254034e-03
1.799590e-03
4.661063e-04
9.144185e-04
-5.357651e-03
1.563898e-02
2.002627e-02
2.295924e-02
3.605445e-02
-7.966229e-04
-4.991483e-02
2.066233e-02
2.529420e-02
-1.716617e-03
3.732789e-03
6.496520e-03
-2.565623e-03
-5.627102e-03
-1.916042e-03
-1.314380e-02
1.368189e-02
-7.910431e-04
-5.654813e-02
2.095504e-02
-2.063627e-02
-8.397076e-04
1.259661e-02
-1.781135e-03
-1.549872e-02
-2.491427e-03
1.696462e-02
1.878556e-02
2.462850e-02
2.169999e-02
1.927130e-02
-2.117820e-02
4.905322e-03
-6.047021e-02
-6.388304e-02
-1.962114e-02
1.308382e-02
-5.392007e-02
-1.672637e-02
2.365831e-02
3.900665e-03
-5.961796e-02
-3.873779e-02
-2.446663e-02
-7.349078e-03
-1.585568e-02
3.453821e-02
4.146629e-02
5.290662e-02
2.978487e-02
2.490086e-03
-4.501575e-03
-1.933893e-02
-6.271513e-02
-5.935874e-02
-1.145834e-03
-1.437827e-02
-2.070642e-02
1.758919e-04
-5.217993e-02
1.701478e-02
1.976618e-03
6.972908e-02
3.479675e-02
-2.215102e-02
-6.254546e-02
3.148396e-03
-4.983686e-03
-1.849843e-02
4.533842e-04
-2.330524e-03
5.450628e-02
2.035527e-03
-4.628903e-02
4.333613e-02
1.275098e-02
-2.082075e-02
2.583966e-02
-2.192525e-02
8.904561e-04
1.976671e-02
-1.967227e-02
-3.791304e-02
4.225109e-05
-2.032751e-03
-1.879067e-02
1.199046e-02
-2.253345e-02
-1.754405e-02
-2.239214e-02
-3.301835e-03
5.035154e-02
2.206570e-02
-1.125935e-03
-4.026808e-03
-1.492271e-02
-7.786455e-02
1.927200e-02
5.447651e-02
2.359183e-02
-1.277355e-03
-1.500440e-04
-1.392884e-02
2.091646e-04
-3.180578e-02
-1.944443e-02
-2.505760e-04
-9.697114e-04
-2.090384e-03
4.843456e-02
-5.591595e-03
-1.821877e-02
2.375346e-02
-1.650784e-02
8.609562e-03
-6.855198e-02
3.308680e-02
1.471881e-02
-5.267205e-02
-3.285734e-02
1.523266e-02
3.705673e-02
2.738248e-02
4.208532e-04
1.612692e-02
-1.599363e-02
6.236134e-03
-1.739924e-02
6.694716e-02
2.420923e-03
-3.478255e-02
1.974808e-02
4.007295e-02
-2.691076e-02
3.010669e-03
1.565511e-02
-1.977507e-02
-3.505802e-02
-1.935133e-02
-1.486980e-02
-1.427249e-03
-1.704910e-02
-6.219629e-02
4.892282e-03
2.446960e-02
2.160213e-02
-3.687350e-02
1.729198e-02
-2.202724e-02
2.528352e-02
2.359985e-02
-2.053030e-02
1.925261e-02
-1.292313e-04
-1.937767e-02
-7.703198e-02
-5.073117e-03
2.003647e-02
-6.216972e-02
-1.372750e-02
1.726698e-02
-4.451159e-02
-2.503004e-02
3.742615e-02
1.739582e-02
-4.803354e-02
1.249603e-02
-5.959287e-02
3.826294e-03
-2.120811e-02
-1.159811e-03
1.825096e-03
-2.056789e-02
2.305214e-02
-3.903819e-03
-4.717814e-02
1.956982e-02
1.892505e-02
-1.121151e-03
2.253738e-02
3.307594e-02
1.765099e-02
-5.046891e-03
-5.909202e-04
1.981402e-02
-1.659416e-02
-6.845635e-02
-4.439914e-03
9.450381e-03
1.557186e-03
-1.876917e-02
-7.549628e-02
1.416164e-02
-1.676675e-02
1.967626e-02
4.819199e-04
-2.929424e-02
-1.594666e-02
-6.264253e-02
-2.469881e-03
-2.138953e-02
-1.844042e-02
-1.836723e-02
-1.448859e-02
-9.222164e-04
2.233689e-02
6.587455e-04
2.788021e-02
-2.362271e-02
-5.083062e-03
1.621925e-02
-8.187406e-03
3.570526e-02
7.378811e-02
-2.249016e-02
-6.647679e-02
2.249540e-03
1.909388e-02
2.174839e-02
-8.330160e-03
-1.792529e-02
1.815505e-02
-2.012382e-03
1.340375e-02
-1.702983e-02
2.532128e-02
-2.885968e-02
2.111985e-04
-2.130421e-02
-1.339376e-04
2.424607e-03
4.195869e-04
-2.060172e-02
-1.721031e-02
-4.397120e-05
1.296204e-03
-1.060962e-02
-2.997305e-03
7.234305e-02
-1.723925e-03
1.782719e-02
1.620827e-02
1.907092e-02
-1.428584e-02
-6.554209e-03
-1.497501e-02
-3.395561e-02
7.539659e-02
8.975345e-04
-2.157240e-02
4.115784e-03
-1.868883e-02
2.256647e-02
-7.878717e-02
1.457331e-02
3.507058e-03
-1.899161e-03
-5.900224e-03
1.388321e-03
2.226457e-02
3.131784e-02
2.436350e-03
-2.430080e-02
2.363798e-02
-2.091609e-02
-4.976544e-03
3.398393e-03
-7.418758e-02
3.864525e-02
1.527569e-02
5.052728e-02
-1.615187e-02
1.672232e-03
1.696310e-02
-1.966434e-02
2.465317e-03
1.965692e-02
-7.501395e-02
-2.877661e-03
1.614011e-02
-1.357568e-02
-1.377195e-03
1.477681e-02
-2.102545e-02
-1.322531e-02
2.569983e-03
-2.062134e-02
1.521946e-02
1.438604e-02
1.932749e-02
4.472537e-02
3.468219e-02
1.967743e-03
-1.441191e-02
-1.790479e-02
-4.789505e-03
-1.917878e-02
1.410980e-02
1.838201e-02
-3.029454e-02
-1.859776e-02
-2.123290e-02
2.069995e-02
-2.814492e-04
-6.209050e-02
-2.072899e-02
2.533744e-02
-1.838558e-04
-8.780644e-04
7.002900e-02
3.525793e-03
-1.951062e-02
-1.914774e-02
6.150060e-02
-6.215161e-03
2.618831e-03
-1.673382e-02
-1.731934e-02
-2.093329e-02
6.262766e-04
2.249041e-03
5.623535e-02
-5.876222e-02
-1.800092e-02
-2.588894e-02
-1.827292e-02
2.081098e-02
7.320229e-02
1.667661e-03
-9.188715e-05
2.056666e-03
-2.305299e-02
-2.165544e-02
7.128415e-02
7.930990e-02
1.767942e-02
-1.773555e-02
6.100702e-03
-1.610755e-03
-1.633608e-03
-9.988575e-04
-2.286501e-02
-2.650184e-02
-2.107251e-02
7.381821e-02
-1.651063e-02
3.381971e-02
-7.529610e-02
4.543228e-02
1.533289e-02
-4.298168e-02
6.135716e-02
1.697467e-02
-2.293316e-02
-2.700034e-02
-2.051203e-03
-3.551566e-02
-2.571039e-03
3.498260e-03
-5.047159e-03
-1.455487e-04
4.303375e-03
-2.178165e-02
-2.100036e-02
2.144001e-02
-1.229777e-04
-2.377783e-02
1.299999e-02
2.784679e-03
-1.702619e-02
7.689237e-02
-4.754461e-03
-7.046496e-02
1.505913e-02
-1.472431e-02
-1.889016e-03
6.864789e-04
3.276514e-02
-2.394520e-02
-1.633526e-02
3.797445e-02
-2.921608e-03
-2.094296e-02
2.220486e-02
3.947581e-02
1.926824e-03
-1.217536e-03
-4.012250e-02
-2.191446e-02
4.146375e-02
-1.491246e-02
5.225389e-02
1.988314e-02
3.184070e-04
-1.689815e-03
1.683143e-02
-1.656246e-03
1.828303e-02
-6.690943e-02
-2.256702e-02
-1.800036e-02
4.814642e-03
-6.878819e-02
-3.087165e-02
-6.760042e-03
-6.319924e-02
-1.266569e-02
-5.392886e-02
2.002024e-03
5.938940e-02
1.998616e-03
2.388549e-02
2.192784e-02
1.456210e-03
-2.038396e-02
-5.720431e-02
3.575273e-04
4.256653e-03
2.236862e-02
-4.175050e-03
-5.347495e-02
3.988164e-03
-5.940137e-02
1.383782e-02
-2.446811e-02
-1.746058e-02
3.540941e-02
4.587335e-02
-1.193926e-02
-1.831359e-02
1.527720e-02
1.676902e-02
1.545486e-02
2.205093e-03
-2.378332e-02
5.053995e-02
-1.873253e-02
-1.762743e-02
4.183053e-02
-3.211975e-04
6.065032e-04
1.491394e-02
1.919332e-02
-5.763368e-02
3.627716e-03
-7.438147e-02
-7.502386e-02
-2.679314e-02
-7.492089e-02
-1.946888e-02
-1.870879e-02
-1.987352e-02
7.923464e-02
5.914766e-02
1.667463e-02
2.439918e-04
-3.890954e-06
-7.367664e-02
5.521585e-03
-7.992897e-02
-1.898771e-02
3.108321e-02
-6.222386e-02
-1.574261e-02
-1.717895e-02
8.569058e-04
5.608785e-02
-2.008831e-02
-2.181458e-02
-4.170174e-03
-2.887630e-03
-7.898361e-02
-6.490871e-02
2.568974e-02
-1.269593e-03
1.177520e-02
5.081381e-03
-2.421356e-02
-2.498275e-02
-2.153739e-02
2.277972e-03
-2.059840e-02
3.658818e-02
-2.627806e-03
5.606855e-02
2.710139e-02
1.446669e-02
-2.151268e-02
-1.078216e-03
2.116891e-02
-7.205147e-04
-3.153248e-02
1.347191e-02
4.590050e-03
4.863383e-04
2.941695e-02
-7.507589e-03
1.780679e-02
-2.476477e-02
-3.148887e-02
-2.498384e-02
2.083671e-02
1.727098e-02
-1.442127e-02
3.587744e-02
2.022538e-02
2.231671e-02
5.040552e-03
-2.079880e-02
2.313360e-02
-1.893340e-02
-4.587705e-03
1.417747e-02
4.013325e-02
2.455554e-02
-7.921935e-02
1.891272e-02
2.037570e-02
6.482981e-05
-1.631627e-02
-5.775388e-03
-1.885391e-02
4.370929e-03
-1.378952e-02
-1.734264e-04
1.223240e-02
4.601684e-03
-1.983113e-02
-5.906311e-03
1.455311e-02
4.399641e-02
3.798083e-02
1.560453e-02
2.485608e-02
-1.508686e-02
-6.950652e-02
2.364553e-02
3.392565e-02
1.664055e-02
-3.475446e-02
5.519233e-02
1.828974e-02
2.395338e-02
2.019022e-02
-1.863608e-02
-1.608905e-02
-6.621419e-04
-4.463895e-03
-1.641861e-02
1.467666e-02
1.895538e-03
1.772429e-02
-1.926525e-02
2.281969e-02
-3.526730e-03
1.844550e-03
-3.276695e-02
1.363927e-02
-1.690206e-02
-6.170961e-02
-3.592833e-02
-2.940908e-03
2.286206e-02
-4.144988e-03
-1.203678e-02
1.063454e-02
-3.138300e-03
1.572359e-02
-2.222884e-02
-1.511291e-02
-3.874981e-04
4.861197e-02
-4.472528e-02
-4.006835e-02
1.928996e-02
2.663829e-03
-2.442823e-03
-3.676363e-03
-1.223215e-02
-3.761675e-03
1.250605e-02
1.672176e-02
-1.905600e-02
-8.964911e-04
-5.848195e-03
-2.139452e-02
3.349135e-03
1.793076e-02
-2.726332e-02
-1.856236e-02
-2.263342e-02
-5.078961e-03
3.280859e-03
3.513273e-03
3.140908e-02
-4.145350e-03
-5.895369e-04
1.652867e-02
7.566576e-02
1.587522e-02
1.221387e-02
-6.720160e-02
-5.644290e-02
-1.921035e-02
-1.674699e-02
-1.510008e-02
2.060936e-02
-2.846292e-02
2.268403e-03
-1.678622e-02
-3.115610e-03
1.793435e-02
2.563519e-02
-1.451313e-02
-1.959440e-02
-5.194386e-02
1.095747e-02
2.225964e-02
-1.586342e-02
1.309033e-02
-7.746370e-02
4.419145e-02
-5.661990e-04
-2.241768e-02
4.971931e-04
1.910442e-02
4.391494e-02
2.502636e-02
2.322638e-02
6.527793e-03
-5.211647e-03
2.906220e-02
-2.484859e-02
-1.579943e-02
-3.131515e-02
2.491837e-02
2.560247e-03
5.671691e-03
-1.759471e-02
2.017942e-02
7.656528e-02
-9.308663e-03
1.564204e-02
3.063895e-03
4.797580e-03
1.908731e-02
-8.390470e-03
-1.388037e-04
-1.011096e-02
-4.686125e-03
1.380013e-02
-7.127027e-04
-7.683546e-02
1.939202e-04
-6.038455e-02
1.592955e-02
-1.942858e-02
7.954949e-02
-6.747036e-02
3.684242e-02
3.435049e-02
-3.043180e-04
1.478027e-02
9.139184e-04
5.857814e-04
-1.876581e-02
4.556498e-02
1.739184e-02
-2.549287e-02
-1.648634e-02
4.788925e-04
-6.191539e-02
-2.015682e-02
-1.685823e-02
5.754359e-03
1.322039e-03
-4.280419e-03
5.656916e-04
1.857567e-02
-2.583514e-02
-2.127431e-04
2.233517e-02
3.809819e-04
3.647261e-03
5.617206e-04
-2.539855e-03
2.080227e-02
4.690061e-02
7.973474e-02
-2.340153e-03
-3.384057e-03
2.374085e-02
1.735751e-02
-3.252038e-02
1.422312e-02
-1.934123e-03
-1.372035e-03
1.942079e-03
-6.000136e-03
-3.488491e-04
4.399945e-03
1.579963e-02
1.738780e-02
-5.519243e-03
-6.524763e-03
3.223577e-03
4.941476e-02
6.458504e-04
2.497931e-02
-5.016630e-03
-2.392462e-02
-7.292976e-02
-3.447944e-03
-1.642401e-02
-7.598996e-03
-3.445593e-02
6.667629e-04
3.077565e-03
-3.621908e-02
-7.668565e-02
2.070557e-02
-7.777514e-03
-1.949668e-02
-2.064557e-02
-1.668610e-02
2.281044e-02
2.474869e-03
-5.821523e-02
-2.104816e-02
-2.240792e-03
-1.831429e-02
-1.466164e-02
2.605088e-02
-1.398682e-02
4.480197e-03
-1.870522e-02
1.530291e-03
-2.892809e-03
-3.617718e-02
5.417889e-03
6.091193e-02
9.003364e-04
1.635684e-02
1.647001e-02
-8.501565e-03
-2.069934e-03
-4.189710e-02
-5.566555e-02
1.102899e-03
2.077341e-02
-4.006922e-02
-6.045384e-03
4.070650e-03
-1.562471e-02
5.384712e-02
-4.710956e-03
6.372740e-03
4.194395e-02
1.676684e-02
3.656249e-02
2.274215e-02
1.461778e-02
3.412023e-03
1.739320e-02
-1.437461e-02
1.798193e-04
-2.238909e-02
1.085770e-03
-2.286290e-02
-4.174432e-02
5.393375e-03
-2.056843e-02
4.132977e-02
2.176283e-02
1.586300e-02
-1.981803e-02
2.018385e-02
-7.725603e-02
1.622911e-03
9.639787e-04
1.523211e-02
-2.850309e-02
2.625730e-02
-1.713410e-03
-4.158031e-03
-1.299268e-03
-1.348429e-02
2.078771e-02
3.279611e-02
-3.361306e-03
1.782229e-04
2.002614e-02
-1.388697e-02
4.685246e-02
3.528396e-03
-1.902710e-03
6.326769e-02
-2.196392e-02
-2.001782e-02
-1.911219e-03
-3.149597e-03
-2.279035e-02
2.599907e-04
3.972525e-02
-1.804653e-02
2.203735e-02
6.815737e-02
4.544226e-02
3.427922e-04
-4.980307e-02
2.434824e-02
-1.698599e-02
-1.793953e-02
-4.454832e-03
-5.958086e-03
1.415492e-02
-4.449838e-02
-6.486208e-02
1.642360e-02
5.291131e-02
-5.033605e-03
2.317005e-02
-3.251649e-03
-4.526064e-02
-5.907448e-02
5.888522e-02
-1.601292e-02
2.043198e-02
1.182569e-04
1.063988e-02
3.627505e-02
-6.999642e-02
-5.177550e-02
-1.827789e-02
4.791652e-02
-3.620841e-03
-1.471614e-02
-4.441112e-03
1.926309e-02
6.823836e-03
3.854553e-02
-4.560263e-02
1.593929e-02
7.855176e-02
-1.563728e-03
-1.296453e-03
-5.153887e-04
-2.017805e-02
5.600036e-02
6.371962e-04
-1.610816e-02
-3.742294e-02
1.569372e-02
1.758800e-02
2.110017e-02
7.617193e-02
2.628006e-03
-3.936206e-02
-2.191245e-02
-4.221530e-03
1.091576e-02
7.804028e-02
-1.752591e-02
2.363312e-03
2.471159e-02
-1.259560e-02
5.211294e-02
-3.135770e-03
-2.946913e-03
2.156351e-02
2.243291e-02
-1.422512e-02
3.868920e-03
-2.079762e-02
4.439202e-03
-1.894395e-02
6.918766e-02
7.147764e-04
4.556884e-03
-1.668368e-02
2.409968e-03
2.210683e-03
-1.819918e-03
7.999808e-04
-1.694788e-02
-3.730738e-02
-2.223751e-02
2.920507e-02
3.874646e-02
1.388871e-03
-6.733765e-02
-2.237687e-02
2.413987e-03
1.874776e-03
-1.990880e-02
2.044413e-02
-6.907657e-03
-1.886002e-02
-2.251823e-02
7.897138e-02
-5.268376e-02
-6.670334e-02
-3.248260e-02
2.093776e-02
9.435993e-03
6.334313e-03
3.535995e-02
3.976382e-03
1.902961e-02
3.227256e-03
-7.962327e-02
2.137003e-02
-3.286535e-02
-5.356091e-02
6.513734e-02
